Country,state,route,year,month,day,Obs,TotalSpp,StartTemp,EndTemp,TempScale,StartWind,EndWind,StartSky,EndSky,StartTime,EndTime,assistant,RunType
840,53,001,1979,7,3,        980300,55,30,60,F,0,2,4,0,0519,0935,0,1
840,53,001,1981,6,23,        980252,66,59,62,F,1,2,2,1,0514,1015,0,1
840,53,001,1982,6,22,        980252,60,55,59,F,0,0,2,5,0509,0915,0,1
840,53,001,1983,7,6,        980252,56,55,63,F,0,0,0,2,0515,0921,0,1
840,53,001,1984,7,7,       1150431,68,36,65,F,0,0,0,0,0509,1030,0,1
840,53,001,1985,6,29,       1190283,58,53,76,F,0,1,1,1,0509,0950,0,1
840,53,001,1986,6,27,       1190283,63,47,74,F,1,1,1,1,0509,0959,0,1
840,53,001,1987,6,28,       1190283,60,32,64,F,1,1,0,0,0509,1003,0,1
840,53,001,1988,6,11,       1190283,72,28,63,F,1,3,0,0,0509,0915,0,1
840,53,001,1989,6,2,       1190283,83,42,80,F,0,0,0,0,0509,0937,0,1
840,53,001,1990,6,9,       1190283,77,48,64,F,2,2,2,1,0509,0928,0,1
840,53,001,1991,6,8,       1190283,71,51,63,F,0,2,2,2,0509,0926,0,1
840,53,001,1992,6,14,       1190283,63,43,56,F,2,2,2,2,0509,0917,0,1
840,53,001,1993,6,4,       1190283,61,36,58,F,0,2,1,0,0509,0908,0,1
840,53,001,1994,6,10,       1150711,45,45,55,F,0,1,0,1,0509,0912,0,1
840,53,001,1995,6,28,        980684,46,40,62,F,0,1,0,0,0515,0940,0,1
840,53,001,1996,6,16,       1190283,60,43,71,F,0,1,0,0,0509,0940,0,1
840,53,001,1997,6,9,       1190283,54,38,70,F,0,1,0,0,0509,0916,1,1
840,53,001,1998,7,1,       1190283,47,56,72,F,1,1,0,0,0510,1005,0,1
840,53,001,1999,6,19,        990481,50,39,72,F,0,3,0,1,0509,1059,1,1
840,53,001,2000,6,17,        990481,51,38,67,F,0,2,0,0,0509,1109,1,1
840,53,001,2001,7,1,        990481,46,56,73,F,0,2,2,0,0509,1008,1,1
840,53,001,2002,6,15,        990481,50,36,69,F,0,0,0,0,0509,1045,1,1
840,53,001,2009,6,17,       1030167,56,42,68,F,0,2,0,2,0509,0929,0,1
840,53,001,2010,6,23,        990380,56,55,79,F,0,0,4,2,0530,1131,0,1
840,53,001,2011,6,29,        990380,57,57,79,F,0,1,1,1,0518,1132,0,1
840,53,001,2012,6,27,        990380,45,62,74,F,0,0,2,2,0509,1034,0,1
840,53,001,2013,6,11,        990380,55,47,70,F,0,0,0,0,0511,1035,0,1
840,53,001,2015,6,17,       1150664,47,45,76,F,0,2,0,2,0511,1036,1,1
840,53,002,1968,6,8,       1040057,53,50,58,F,1,1,2,2,0507,0926,0,1
840,53,002,1969,6,7,       1040057,53,50,54,F,0,3,2,2,0505,0923,0,1
840,53,002,1970,6,6,       1040057,58,50,70,F,0,0,0,0,0505,0933,0,1
840,53,002,1971,6,6,       1040057,55,50,56,F,0,0,2,5,0505,0934,0,1
840,53,002,1972,6,9,       1040057,55,58,70,F,0,0,2,2,0505,0930,0,1
840,53,002,1973,6,8,       1040057,58,58,62,F,0,3,2,2,0505,0932,0,1
840,53,002,1974,6,6,       1040057,57,46,50,F,1,2,2,2,0505,0930,0,1
840,53,002,1975,6,7,       1040057,57,43,58,F,1,0,0,1,0505,0930,0,1
840,53,002,1976,6,6,       1040057,57,43,61,F,2,2,2,2,0505,0935,0,1
840,53,002,1977,6,7,       1040057,61,58,69,F,0,1,2,2,0505,0937,0,1
840,53,002,1978,6,4,       1060084,72,63,69,F,1,1,0,0,0505,0945,0,1
840,53,002,1979,6,10,       1060084,82,42,68,F,2,2,0,2,0505,0925,0,1
840,53,002,1980,6,22,       1060084,75,60,72,F,2,1,1,2,0505,0910,0,1
840,53,002,1981,6,7,       1060084,82,52,66,F,1,1,2,2,0505,0939,0,1
840,53,002,1982,6,12,       1060084,78,52,63,F,1,2,0,0,0505,0917,0,1
840,53,002,1983,6,19,       1060084,73,55,60,F,2,1,1,2,0505,0856,0,1
840,53,002,1984,6,16,       1060084,81,48,65,F,2,1,1,1,0505,0910,0,1
840,53,002,1985,6,16,       1060084,73,45,63,F,2,1,0,0,0505,0910,0,1
840,53,002,1986,6,14,       1060084,74,48,72,F,2,2,0,1,0505,0902,0,1
840,53,002,1987,6,7,       1060084,70,40,68,F,1,2,0,0,0505,0905,0,1
840,53,002,1988,6,5,       1060084,75,57,64,F,2,1,2,1,0505,0855,0,1
840,53,002,1989,6,3,       1060084,77,56,62,F,1,2,2,1,0505,0855,0,1
840,53,002,1990,6,10,       1060084,83,58,65,F,2,1,2,2,0505,0900,0,1
840,53,002,1991,6,9,       1060084,69,33,55,F,2,1,1,1,0505,0905,0,1
840,53,002,1992,6,7,       1060084,75,40,68,F,2,1,0,0,0505,0900,0,1
840,53,002,1993,6,6,       1060084,74,45,66,F,2,2,1,2,0505,0927,0,1
840,53,002,1994,6,5,       1060084,73,38,65,F,1,0,0,0,0505,0910,0,1
840,53,002,1995,6,10,       1060084,81,41,70,F,1,1,0,0,0505,0925,0,1
840,53,002,1996,6,2,       1060084,73,50,76,F,2,1,2,1,0505,0930,0,1
840,53,002,1997,6,8,       1060084,77,53,72,F,2,1,2,1,0505,0942,0,1
840,53,002,1998,6,8,        990287,87,44,56,F,1,3,1,2,0507,0933,1,1
840,53,002,1999,6,16,        990287,86,50,67,F,1,2,1,2,0505,0933,1,1
840,53,002,2000,6,10,        990287,82,36,55,F,2,1,1,0,0506,0941,1,1
840,53,002,2001,6,10,        990287,84,48,50,F,0,1,2,5,0505,1003,1,1
840,53,002,2002,6,22,        990287,86,50,70,F,1,2,1,1,0510,0927,1,1
840,53,002,2003,6,9,        990287,87,45,53,F,2,1,1,2,0507,0927,1,1
840,53,002,2004,6,14,        990287,75,48,58,F,2,3,2,1,0505,0933,1,1
840,53,002,2005,6,7,        990287,75,50,49,F,0,0,4,4,0510,0942,1,1
840,53,002,2006,6,13,        990287,79,52,66,F,2,2,2,1,0505,0907,0,1
840,53,002,2007,6,8,        990287,86,50,54,F,0,2,2,5,0508,1000,0,1
840,53,002,2008,6,13,        990287,92,45,58,F,1,2,2,0,0505,0940,0,1
840,53,002,2009,6,11,        990287,81,39,57,F,0,1,0,0,0505,0944,1,1
840,53,002,2010,6,8,        990287,85,43,57,F,1,0,1,1,0505,0937,0,1
840,53,002,2011,6,9,        990287,86,45,52,F,1,1,2,2,0505,0945,1,1
840,53,002,2012,6,14,        990287,82,43,55,F,2,2,1,1,0506,0951,0,1
840,53,002,2013,6,8,        990287,91,46,63,F,0,1,0,0,0505,0937,0,1
840,53,002,2014,6,7,        990287,84,42,60,F,2,1,0,1,0505,0939,0,1
840,53,002,2015,6,4,        990287,85,44,58,F,2,0,0,1,0505,0951,0,1
840,53,002,2016,6,8,        990287,82,55,56,F,3,1,1,2,0505,0952,0,1
840,53,002,2017,6,8,       1040596,66,53,72,F,0,1,0,2,0505,1114,0,1
840,53,002,2018,6,20,       1040596,78,46,64,F,0,1,0,0,0505,1044,0,1
840,53,002,2019,6,11,       1040596,76,51,67,F,1,0,0,0,0505,1115,0,1
840,53,003,1968,6,23,        990065,30,46,58,F,0,2,1,2,0506,0935,0,1
840,53,003,1969,6,30,        990065,28,48,63,F,2,3,0,0,0504,0844,0,1
840,53,003,1970,6,20,        990065,34,58,68,F,0,2,0,0,0501,0910,0,1
840,53,003,1971,7,4,        990065,30,40,61,F,2,4,1,1,0503,0855,0,1
840,53,003,1972,6,17,       1000035,40,48,50,F,0,3,1,0,0501,0900,0,1
840,53,003,1973,6,15,       1000035,35,48,46,F,1,4,2,5,0501,0910,0,0
840,53,003,1974,6,30,       1020105,36,61,71,F,3,2,1,0,0504,0950,0,1
840,53,003,1976,6,17,       1150302,43,48,61,F,0,1,1,1,0500,0950,0,1
840,53,003,1977,7,4,       1190277,51,41,69,F,2,2,0,0,0507,1005,0,1
840,53,003,1979,6,29,       1070126,51,47,73,F,1,2,0,0,0505,0957,0,1
840,53,003,1980,6,14,       1000035,45,38,54,F,0,0,0,0,0501,0856,0,1
840,53,003,1981,7,8,        990221,43,44,58,F,0,3,1,0,0507,0923,0,1
840,53,003,1982,6,30,        990221,46,50,58,F,1,3,1,2,0506,0932,0,1
840,53,003,1985,6,12,       1190264,48,55,60,F,0,3,1,1,0501,0847,0,1
840,53,003,1986,6,13,        980410,50,48,65,F,1,4,0,0,0500,0941,0,1
840,53,003,1987,6,28,        980410,46,55,62,F,0,3,1,1,0506,0911,0,1
840,53,003,1988,6,8,        980410,58,38,55,F,1,0,1,2,0501,0933,0,1
840,53,003,1989,6,14,        980410,59,48,59,F,2,3,2,2,0501,0940,0,1
840,53,003,1990,6,21,        980410,53,48,65,F,1,1,0,0,0500,0930,0,1
840,53,003,1991,7,2,        980410,54,50,65,F,0,3,0,0,0501,0910,0,1
840,53,003,1992,6,25,        980410,62,48,58,F,1,3,1,1,0501,0908,0,1
840,53,003,1993,7,1,        980410,40,51,58,F,4,5,1,1,0501,0915,0,0
840,53,003,1994,6,21,        980410,46,48,62,F,1,4,0,0,0501,0935,0,1
840,53,003,1995,6,28,        980410,45,35,53,F,1,3,4,1,0505,0935,0,1
840,53,003,1997,6,24,        980410,53,45,55,F,3,3,1,2,0500,0935,1,1
840,53,003,2000,6,26,       1040619,54,48,58,F,0,3,2,2,0501,1015,1,1
840,53,003,2001,6,29,       1040619,46,51,68,F,2,3,0,0,0501,1015,1,1
840,53,003,2002,7,3,       1040619,43,37,56,F,0,2,0,0,0505,0940,1,1
840,53,003,2003,6,29,       1040619,57,43,70,F,0,2,0,0,0501,0932,0,1
840,53,003,2004,7,3,       1030167,50,46,60,F,1,2,1,2,0501,0932,0,1
840,53,003,2005,6,19,       1030167,52,45,56,F,2,4,1,0,0501,0933,0,1
840,53,003,2006,6,18,       1030167,56,46,59,F,2,2,0,0,0501,0931,0,1
840,53,003,2007,6,9,       1030167,52,52,55,F,4,4,0,2,0501,0927,0,0
840,53,003,2008,6,16,       1030167,64,37,68,F,1,2,0,0,0501,0914,1,1
840,53,013,1977,6,7,       1150408,42,63,60,F,2,2,2,5,0515,0921,0,1
840,53,013,1978,6,13,        980252,44,45,72,F,0,3,0,0,0513,0930,0,1
840,53,013,1979,6,28,        980252,44,51,65,F,1,2,0,0,0517,0935,0,1
840,53,013,1980,6,11,        980252,45,52,68,F,0,0,2,1,0514,0935,0,1
840,53,013,1981,6,12,        980252,44,60,42,F,1,2,2,8,0514,1000,0,1
840,53,013,1982,6,20,        980252,52,50,65,F,0,0,0,0,0514,0905,0,1
840,53,013,1983,7,7,        980252,33,68,63,F,0,0,0,1,0516,0848,0,1
840,53,013,1984,6,15,        980252,45,60,68,F,1,1,0,1,0514,0923,0,1
840,53,013,1985,6,12,        980252,47,58,75,F,0,0,0,0,0521,0937,0,1
840,53,013,1986,6,29,        980252,54,65,68,F,0,0,1,2,0514,0955,0,1
840,53,013,1987,7,1,        980252,43,62,69,F,0,0,1,2,0514,0930,0,1
840,53,013,1988,7,4,        980252,49,62,75,F,0,1,1,1,0514,0920,0,1
840,53,013,1989,6,24,        980252,42,50,60,F,0,0,0,0,0514,0939,0,1
840,53,013,1990,7,6,        980252,45,55,66,F,0,1,0,0,0514,0928,0,1
840,53,013,1991,7,4,        980252,37,62,75,F,1,1,0,0,0514,0940,0,1
840,53,013,1992,7,2,       1060166,45,60,72,F,0,0,1,2,0520,1110,0,1
840,53,013,1993,6,29,        990380,48,57,69,F,0,0,2,2,0530,1145,0,1
840,53,013,1994,6,29,        990380,48,57,75,F,0,0,0,0,0531,1130,0,1
840,53,013,1995,6,29,        990380,45,51,70,F,0,0,0,0,0514,1028,0,1
840,53,013,1996,7,1,        990380,44,50,74,F,0,0,0,0,0507,1050,0,1
840,53,013,1997,7,2,        990380,43,10,17,C,0,0,2,1,0510,1028,1,1
840,53,013,1998,7,1,        990380,47,21,28,C,0,0,1,0,0512,1033,0,1
840,53,013,1999,6,30,        990380,41,64,64,F,0,2,2,2,0510,1030,0,1
840,53,013,2000,7,7,        990380,46,40,55,F,0,0,4,2,0520,1022,0,1
840,53,013,2001,7,10,        990380,43,15,32,C,0,0,1,0,0529,1107,1,1
840,53,013,2002,7,1,        990380,41,62,59,F,1,5,2,2,0515,1111,0,0
840,53,013,2003,6,29,        990380,48,53,58,F,0,0,1,1,0516,1045,1,1
840,53,013,2004,7,27,        990380,33,62,65,F,0,0,0,0,0518,0859,1,0
840,53,013,2006,6,30,        990380,52,60,63,F,0,1,2,2,0515,1114,0,1
840,53,013,2007,7,3,        990380,52,55,75,F,1,0,0,0,0514,1032,0,1
840,53,013,2008,7,2,        990380,48,54,74,F,0,0,2,1,0513,1056,0,1
840,53,013,2009,7,1,        990380,53,43,70,F,0,0,0,0,0515,1058,0,1
840,53,013,2010,6,23,        990828,47,45,62,F,0,2,0,1,0519,1149,0,1
840,53,013,2011,7,1,        990828,43,42,55,F,0,2,0,0,0519,1059,0,1
840,53,013,2012,6,22,        990828,46,42,61,F,0,1,2,2,0515,1056,0,1
840,53,013,2013,6,21,        990828,46,41,60,F,0,1,0,0,0512,1055,0,1
840,53,013,2014,6,23,        990828,48,51,63,F,0,1,0,1,0514,1116,0,1
840,53,013,2015,6,24,        990828,47,52,65,F,0,1,0,2,0515,1052,0,1
840,53,013,2016,6,20,        990828,45,45,56,F,0,2,0,1,0515,1056,0,1
840,53,013,2017,6,20,        990828,50,54,66,F,1,2,1,1,0515,1103,0,1
840,53,013,2018,6,24,        990828,50,55,66,F,0,1,1,1,0515,1105,0,1
840,53,013,2019,6,24,        990828,46,48,53,F,1,2,0,1,0520,1108,0,1
840,53,014,1972,6,29,       1030095,24,50,75,F,0,4,0,0,0513,1007,0,1
840,53,014,1973,6,30,       1030095,24,48,72,F,1,2,0,1,0513,0955,0,1
840,53,014,1974,7,4,       1030095,21,53,73,F,2,4,1,1,0516,0956,0,1
840,53,014,1975,6,29,       1030095,21,38,50,F,2,2,1,0,0510,0946,0,1
840,53,014,1976,6,27,       1030095,31,38,70,F,1,0,1,0,0510,1012,0,1
840,53,014,1977,6,30,       1030095,24,45,80,F,2,0,0,0,0513,0925,0,1
840,53,014,1978,7,1,       1030095,24,50,67,F,0,0,0,0,0510,1017,0,1
840,53,014,1979,6,30,       1030095,27,59,66,F,2,3,2,2,0513,0950,0,1
840,53,014,1981,6,28,       1030095,27,51,65,F,0,1,1,0,0510,0951,0,1
840,53,014,1982,7,2,       1030095,27,57,74,F,3,4,2,1,0513,1029,0,1
840,53,014,1983,7,5,       1030095,24,41,78,F,0,1,0,0,0516,1027,0,1
840,53,014,1984,6,28,       1030095,25,47,90,F,3,3,0,0,0513,1001,0,1
840,53,014,1985,6,21,       1030095,22,42,74,F,1,0,0,0,0510,1026,0,1
840,53,014,1986,6,24,       1030095,28,45,82,F,2,2,0,0,0510,1020,0,1
840,53,014,1987,6,25,       1030095,26,45,75,F,2,1,0,0,0510,0943,0,1
840,53,014,1988,7,1,        980252,49,62,75,F,0,1,0,0,0510,0930,0,1
840,53,014,1989,6,25,        980252,57,60,68,F,0,0,1,1,0510,0939,0,1
840,53,014,1990,6,17,        980252,55,52,68,F,0,0,0,0,0510,0920,0,1
840,53,014,1991,6,28,        980252,48,53,64,F,3,0,0,8,0510,0929,0,1
840,53,014,1992,7,1,       1140310,48,49,62,F,2,3,1,1,0510,1020,0,1
840,53,014,1993,6,17,        980252,50,58,72,F,1,0,0,0,0510,0931,0,1
840,53,014,1994,7,3,        980252,52,48,63,F,2,4,1,2,0510,0934,0,1
840,53,014,1995,6,11,       1140310,52,55,54,F,1,1,5,1,0525,1037,0,1
840,53,014,1996,6,2,       1140310,63,50,61,F,0,1,1,0,0540,1032,0,1
840,53,014,1997,6,1,       1140310,69,14,18,C,2,3,2,1,0536,1102,1,1
840,53,014,1998,6,20,       1140310,53,15,19,C,1,2,2,1,0515,1050,1,1
840,53,014,1999,6,6,       1140310,71,14,17,C,1,3,0,1,0530,1115,1,1
840,53,014,2000,6,11,       1140310,61,16,17,C,3,4,2,2,0530,1057,1,1
840,53,014,2001,6,10,       1140310,49,62,70,F,1,3,1,1,0530,1047,0,1
840,53,014,2002,6,1,       1140310,62,15,18,C,1,2,0,1,0530,1142,0,1
840,53,014,2003,6,26,       1140310,60,54,54,F,1,3,1,1,0530,1010,1,1
840,53,014,2004,6,6,       1140310,58,14,18,C,1,2,1,1,0510,1053,0,1
840,53,014,2005,6,13,       1140310,53,39,51,F,2,4,0,1,0530,1115,0,1
840,53,014,2006,6,14,       1140310,63,57,64,F,2,3,2,1,0530,1102,0,1
840,53,014,2007,6,17,       1140310,57,52,71,F,1,2,0,1,0515,1020,0,1
840,53,014,2008,6,23,       1140310,48,8,26,C,1,2,0,0,0530,1035,0,1
840,53,014,2009,6,17,       1140310,59,49,61,F,0,3,1,2,0530,1045,0,1
840,53,014,2010,6,15,       1140310,56,11,26,C,2,3,2,1,0520,1105,0,1
840,53,014,2011,7,7,       1140310,62,48,59,F,1,2,0,0,0530,1040,0,1
840,53,014,2013,6,24,       1080587,53,54,66,F,2,5,2,1,0510,1106,0,0
840,53,014,2014,6,28,       1080587,52,58,60,F,2,3,2,2,0506,1105,0,1
840,53,014,2015,6,18,       1080587,51,60,76,F,2,2,2,1,0510,1005,0,1
840,53,014,2017,6,27,       1080587,56,52,74,F,1,1,0,1,0510,1018,0,1
840,53,014,2019,6,29,       1080587,56,52,66,F,2,1,0,0,0510,1031,0,1
840,53,015,1968,6,6,        980102,39,49,60,F,1,1,0,2,0515,0947,0,1
840,53,015,1969,6,11,        980102,38,38,62,F,1,1,0,0,0511,1042,0,1
840,53,015,1970,6,20,       1030072,42,48,59,F,2,2,0,0,0511,0940,0,1
840,53,015,1971,6,24,       1030072,36,41,60,F,1,1,0,0,0512,0927,0,1
840,53,015,1972,6,29,       1040137,37,44,72,F,0,3,0,0,0514,1045,0,1
840,53,015,1973,6,27,       1040137,47,52,68,F,0,0,1,1,0506,1001,0,1
840,53,015,1974,7,1,       1040137,33,53,66,F,0,0,1,1,0506,1018,0,1
840,53,015,1975,7,2,       1040137,33,50,72,F,0,0,0,0,0506,1007,0,1
840,53,015,1976,7,2,       1020105,35,42,56,F,0,0,1,0,0509,0940,0,1
840,53,015,1977,6,22,       1020105,46,55,65,F,0,0,0,0,0509,0845,0,1
840,53,015,1978,7,9,       1020105,45,52,62,F,0,0,1,2,0515,1015,0,1
840,53,015,1980,7,3,       1020105,41,58,63,F,3,1,5,2,0509,1008,0,1
840,53,015,1981,6,28,       1020105,44,44,74,F,0,1,1,0,0509,0955,0,1
840,53,015,1982,7,9,       1020105,41,55,67,F,0,0,2,2,0512,1035,0,1
840,53,015,1984,6,16,        980252,61,62,73,F,0,0,0,1,0514,0953,0,1
840,53,015,1985,7,2,        980252,48,58,75,F,1,0,0,0,0518,1000,0,1
840,53,015,1986,7,10,        980252,48,58,76,F,0,0,2,1,0506,1015,0,1
840,53,015,1987,6,30,        980252,55,71,78,F,0,0,0,0,0506,0938,0,1
840,53,015,1988,7,3,        980252,57,68,78,F,0,0,1,1,0514,0927,0,1
840,53,015,1989,7,4,        980252,50,51,71,F,0,0,0,0,0530,0938,0,1
840,53,015,1990,7,1,        980252,45,62,84,F,0,0,0,1,0520,1000,0,1
840,53,015,1991,6,29,        980252,53,54,58,F,1,0,1,0,0530,0955,0,1
840,53,015,1993,6,24,        980252,50,58,79,F,0,0,1,1,0538,1023,0,0
840,53,015,1994,7,6,        980252,47,60,78,F,0,0,0,0,0532,1034,0,1
840,53,015,1995,6,17,       1030337,33,57,67,F,1,1,1,1,0610,1140,0,0
840,53,015,1996,6,26,       1030337,37,53,75,F,0,1,1,1,0525,1154,0,1
840,53,015,1997,6,12,       1030337,42,48,66,F,0,2,1,1,0535,1034,0,1
840,53,015,1998,6,12,       1030337,40,55,64,F,0,0,2,2,0540,1121,0,0
840,53,015,2000,6,18,       1030383,43,45,58,F,1,2,0,1,0506,0923,0,1
840,53,015,2001,6,28,       1030383,45,50,55,F,1,2,2,8,0507,0915,0,0
840,53,015,2002,6,24,       1030383,50,50,68,F,0,1,0,0,0506,0923,0,1
840,53,015,2003,7,1,       1030383,54,49,68,F,2,1,0,0,0506,1032,0,1
840,53,015,2004,6,16,       1030383,49,47,63,F,1,0,0,0,0506,0955,0,1
840,53,015,2005,6,24,       1030383,53,54,70,F,0,1,0,0,0506,0948,0,1
840,53,015,2006,6,22,       1030383,49,40,64,F,1,1,1,0,0506,1001,1,1
840,53,015,2007,6,29,       1030383,51,57,68,F,1,1,0,1,0506,0940,0,1
840,53,015,2009,7,3,       1080587,53,10,26,C,1,1,1,0,0512,1002,0,1
840,53,015,2010,6,30,       1080587,49,56,66,F,1,0,2,2,0506,1058,0,1
840,53,015,2011,7,6,       1080587,53,45,75,F,1,1,0,0,0506,1109,0,1
840,53,015,2012,6,28,       1080587,56,42,78,F,1,1,0,0,0507,1057,0,1
840,53,015,2013,6,27,       1080587,57,52,71,F,1,1,0,0,0519,1128,0,0
840,53,015,2014,7,3,       1080587,51,50,70,F,1,1,1,2,0508,1013,0,0
840,53,015,2015,7,5,       1060397,60,65,64,F,0,2,0,2,0515,1045,0,1
840,53,015,2016,7,5,       1060397,51,41,64,F,2,0,1,2,0520,1047,0,1
840,53,015,2017,7,6,       1060397,64,57,66,F,0,1,0,1,0519,1054,1,1
840,53,015,2018,7,2,       1060397,53,48,56,F,0,3,2,2,0515,1021,0,1
840,53,015,2019,6,29,       1060397,60,44,61,F,1,0,0,0,0515,1016,0,1
840,53,016,1976,7,3,       1160080,47,44,65,F,3,0,2,0,0508,0911,0,1
840,53,016,1977,7,1,       1160080,57,45,70,F,3,0,0,0,0505,0917,0,1
840,53,016,1978,6,4,       1160080,69,55,65,F,3,1,0,0,0505,0905,0,1
840,53,016,1979,7,4,       1160080,58,52,62,F,3,1,2,2,0508,0920,0,1
840,53,016,1980,6,29,       1160080,62,50,65,F,2,0,0,0,0502,0856,0,1
840,53,016,1981,7,3,       1160080,60,55,75,F,1,3,0,0,0503,0908,0,1
840,53,016,1982,6,26,       1160080,57,50,70,F,1,1,0,0,0502,0855,0,1
840,53,016,1983,6,12,       1160080,66,50,48,F,2,4,1,0,0502,0848,0,1
840,53,016,1984,6,17,       1160080,68,50,66,F,0,0,1,0,0507,0903,0,1
840,53,016,1985,6,29,       1160080,64,60,65,F,1,2,1,0,0502,0900,0,1
840,53,016,1986,6,28,       1160080,58,58,60,F,1,2,0,0,0500,0850,0,1
840,53,016,1987,6,13,       1150408,66,52,80,F,0,3,0,0,0502,1015,0,1
840,53,016,1988,6,11,       1150408,64,42,68,F,0,1,0,0,0502,0930,0,1
840,53,016,1989,6,17,       1150408,55,50,72,F,0,3,0,0,0502,0942,0,1
840,53,016,1990,6,23,       1150408,59,51,72,F,3,0,0,0,0502,0930,0,1
840,53,016,1991,6,23,       1150408,70,52,70,F,4,1,0,0,0502,0926,0,1
840,53,016,1992,6,14,       1150408,66,45,55,F,2,2,2,2,0502,0906,0,1
840,53,016,1993,7,2,       1180080,56,45,58,F,3,1,1,2,0507,0955,0,1
840,53,016,1994,6,25,       1180080,47,45,60,F,3,2,0,0,0500,0942,0,1
840,53,016,1996,6,21,       1180080,51,45,58,F,2,3,0,0,0519,0950,0,1
840,53,016,1997,7,2,       1180080,49,45,58,F,1,0,0,0,0515,1021,0,1
840,53,016,1999,6,28,       1180080,46,50,65,F,1,3,0,0,0542,1002,0,0
840,53,016,2003,6,15,       1151045,61,45,64,F,1,1,1,1,0502,1120,1,1
840,53,016,2008,6,13,       1100222,64,49,60,F,5,3,2,2,0502,1121,1,0
840,53,016,2009,5,31,       1100222,69,45,63,F,3,3,1,0,0503,1035,1,1
840,53,016,2010,6,6,       1100222,74,38,50,F,3,1,1,2,0502,1001,1,1
840,53,016,2011,6,12,       1100222,68,44,53,F,2,3,2,1,0503,1012,1,1
840,53,016,2012,6,23,       1100222,58,52,59,F,2,3,1,2,0502,0947,1,1
840,53,016,2013,6,9,       1100222,72,47,66,F,2,1,0,0,0502,1015,1,1
840,53,016,2014,6,8,       1100222,71,42,61,F,2,3,1,1,0502,0958,1,1
840,53,016,2015,6,7,       1100222,63,53,75,F,4,0,0,0,0504,0959,1,1
840,53,016,2017,6,23,       1100222,58,35,58,F,1,1,0,1,0502,0958,1,1
840,53,016,2018,6,26,       1100222,51,52,64,F,3,2,0,0,0502,0949,1,1
840,53,025,1968,6,21,        980102,46,54,65,F,1,2,1,1,0513,0945,0,1
840,53,025,1969,6,20,        980102,45,50,52,F,1,2,2,2,0411,0818,0,0
840,53,025,1970,6,11,        980102,45,42,45,F,1,1,1,2,0511,0940,0,1
840,53,025,1971,6,19,        980102,51,49,56,F,1,2,2,2,0511,0930,0,1
840,53,025,1972,6,14,       1030072,46,54,54,F,1,1,2,0,0512,0936,0,1
840,53,025,1973,6,28,       1030072,45,49,62,F,1,2,0,0,0515,0951,0,1
840,53,025,1974,6,25,       1030072,49,50,60,F,1,2,0,0,0512,0940,0,1
840,53,025,1975,6,26,       1030072,47,40,40,F,1,2,2,5,0514,0955,0,1
840,53,025,1976,6,18,       1030072,51,33,54,F,1,2,4,0,0514,1011,0,1
840,53,025,1978,6,27,       1070126,44,42,52,F,0,0,0,0,0518,0932,0,1
840,53,025,1979,6,20,        980287,54,34,46,F,1,2,0,1,0515,0952,0,1
840,53,025,1980,6,19,        980287,46,46,58,F,1,1,0,0,0510,0855,0,1
840,53,025,1981,6,30,        980287,60,41,62,F,0,1,0,0,0517,0957,0,1
840,53,025,1982,6,25,        980287,49,52,71,F,0,1,1,1,0515,0953,0,1
840,53,025,1983,7,2,        980287,56,43,52,F,2,4,2,5,0517,0859,0,0
840,53,025,1984,6,27,        980287,62,54,66,F,1,2,2,1,0517,0953,0,1
840,53,025,1985,6,28,        980287,61,46,72,F,1,1,0,0,0514,1000,0,1
840,53,025,1986,6,27,        980287,49,48,72,F,0,0,2,1,0514,0943,0,1
840,53,025,1987,6,30,        980287,52,46,68,F,0,0,0,0,0514,0918,0,1
840,53,025,1988,6,28,        980287,55,52,56,F,0,0,2,2,0514,1008,0,1
840,53,025,1989,6,29,        980287,57,48,63,F,0,0,1,1,0415,0924,0,0
840,53,025,1990,6,29,       1140265,54,44,58,F,0,1,0,0,0522,1000,0,1
840,53,025,1991,6,27,       1140265,57,41,50,F,0,0,0,1,0514,0933,0,1
840,53,025,1992,7,10,       1040429,47,56,55,F,0,0,2,2,0530,0945,0,1
840,53,025,1993,6,25,       1140265,51,48,60,F,0,0,0,0,0518,0959,0,1
840,53,025,1994,6,20,       1140265,56,44,58,F,0,0,0,0,0524,0948,0,1
840,53,025,1995,6,22,       1140265,56,54,48,F,0,0,2,2,0514,0940,0,1
840,53,025,1996,6,27,       1140265,55,58,58,F,0,2,2,1,0514,0936,0,1
840,53,025,1997,6,18,       1140265,54,50,54,F,2,2,0,2,0514,0920,0,1
840,53,025,1998,6,22,       1140265,53,46,56,F,0,0,0,2,0514,0950,0,1
840,53,025,1999,6,30,       1040429,48,52,46,F,0,3,2,5,0525,0910,1,1
840,53,025,2000,6,21,       1140265,50,41,65,F,0,0,0,0,0514,0938,0,1
840,53,025,2001,6,20,       1140265,58,36,58,F,0,0,0,0,0515,0945,0,1
840,53,025,2002,6,21,       1140265,57,50,70,F,0,0,0,0,0514,0942,0,1
840,53,025,2003,6,17,       1140265,55,47,66,F,0,0,0,0,0514,0926,0,1
840,53,025,2004,6,25,       1140265,51,58,61,F,0,0,2,2,0545,0952,0,0
840,53,025,2005,6,23,       1140265,53,48,68,F,0,0,0,0,0514,0946,0,1
840,53,025,2006,6,22,       1140265,53,40,64,F,0,0,0,0,0514,0918,0,1
840,53,025,2007,6,21,       1140265,57,45,70,F,0,0,0,0,0457,0904,0,1
840,53,025,2008,6,18,       1140265,53,36,50,F,0,0,0,0,0505,0908,0,1
840,53,025,2009,6,19,       1140265,49,45,68,F,0,0,1,2,0510,0934,0,1
840,53,025,2010,6,27,       1140265,45,41,62,F,0,0,0,0,0514,0916,0,1
840,53,025,2011,6,24,       1140265,59,39,53,F,0,1,0,1,0514,0941,0,1
840,53,025,2012,6,15,       1140265,50,42,58,F,0,0,1,1,0516,0939,0,1
840,53,025,2013,6,30,       1140265,47,54,73,F,0,0,0,0,0514,0945,0,1
840,53,025,2014,6,11,       1140265,43,39,56,F,0,0,0,1,0514,0911,0,1
840,53,025,2015,6,14,       1140265,52,34,43,F,0,0,0,0,0514,0932,0,1
840,53,025,2016,7,12,       1041089,55,39,50,F,0,1,4,1,0514,0945,1,1
840,53,025,2017,6,19,       1041089,55,44,55,F,0,1,0,0,0514,1037,1,1
840,53,025,2018,7,8,       1041089,57,46,55,F,1,2,0,0,0514,1012,0,1
840,53,025,2019,6,3,       1041089,64,46,55,F,1,3,0,2,0514,0958,1,1
840,53,026,1972,7,23,       1150229,27,42,58,F,0,0,0,0,0515,0920,0,0
840,53,026,1973,7,1,       1150229,23,29,50,F,0,1,0,0,0515,0948,0,1
840,53,026,1975,6,18,        980001,40,40,50,F,0,2,2,1,0510,0943,0,1
840,53,026,1976,6,14,       1150310,38,50,54,F,1,1,2,2,0509,0917,0,1
840,53,026,1977,6,13,       1090367,38,42,64,F,0,1,0,0,0510,0944,0,1
840,53,026,1978,7,1,        980280,45,47,56,F,0,0,0,0,0513,0916,0,1
840,53,026,1979,6,24,        980300,46,40,62,F,0,0,0,0,0510,0950,0,1
840,53,026,1980,6,27,       1000141,39,46,48,F,0,0,2,2,0510,0928,0,1
840,53,026,1981,6,8,       1180044,41,50,52,F,0,0,8,2,0511,0955,0,1
840,53,026,1982,6,18,       1180044,44,46,58,F,0,2,0,0,0510,0952,0,1
840,53,026,1983,6,13,       1180044,37,50,54,F,0,1,2,1,0510,0937,0,1
840,53,026,1984,6,12,       1180044,40,46,48,F,0,2,2,2,0510,0938,0,1
840,53,026,1985,6,30,       1020149,46,57,56,F,1,1,0,0,0510,0939,0,1
840,53,026,1987,6,29,       1080216,52,53,62,F,2,0,0,0,0510,0921,0,1
840,53,026,1988,6,27,       1080216,46,64,61,F,0,0,1,1,0505,0911,0,1
840,53,026,1989,6,22,       1140265,56,44,45,F,0,0,0,1,0510,0920,0,1
840,53,026,1990,6,21,       1140265,51,53,70,F,0,0,0,0,0510,1026,0,1
840,53,026,1992,6,23,       1040429,56,58,77,F,1,1,0,0,0510,0929,0,1
840,53,026,1993,6,28,       1140265,53,54,64,F,0,1,1,1,0510,0958,0,1
840,53,026,1994,6,27,       1140265,51,48,56,F,0,0,0,0,0510,0948,0,1
840,53,026,1995,6,26,       1140265,48,50,70,F,0,0,0,0,0510,0929,0,1
840,53,026,1996,6,26,       1140265,48,55,59,F,0,2,1,1,0524,1000,0,1
840,53,026,1998,6,30,       1140265,46,56,64,F,0,0,1,0,0510,0958,0,1
840,53,026,1999,7,1,       1090342,55,53,67,F,1,1,2,1,0510,0948,0,1
840,53,026,2001,6,26,       1140265,48,57,68,F,0,0,2,1,0520,0948,0,1
840,53,026,2002,6,24,       1140265,48,52,63,F,0,0,0,0,0510,0925,0,1
840,53,026,2003,6,27,       1140265,49,50,68,F,0,0,0,0,0510,0929,0,1
840,53,026,2004,6,23,       1140265,46,52,60,F,0,0,0,0,0514,0928,0,1
840,53,026,2005,6,28,       1140265,45,60,66,F,0,0,2,2,0510,0943,0,1
840,53,026,2006,6,27,       1140265,46,61,68,F,0,0,0,0,0510,0924,0,1
840,53,026,2008,6,17,       1140265,47,48,64,F,0,0,0,0,0500,0939,0,1
840,53,026,2009,6,24,       1140265,43,45,54,F,0,0,0,0,0510,0907,0,1
840,53,026,2010,6,24,       1140265,39,59,63,F,0,0,1,5,0510,0935,0,1
840,53,026,2011,6,22,       1140265,40,52,64,F,0,0,1,0,0510,0947,0,1
840,53,026,2012,6,29,       1140265,38,52,68,F,1,0,1,2,0510,0940,0,1
840,53,026,2013,6,28,       1140265,39,55,66,F,0,0,0,0,0510,0928,0,1
840,53,026,2014,6,29,       1140265,47,45,54,F,0,0,0,1,0510,0931,0,1
840,53,026,2015,6,22,       1140265,43,54,67,F,1,1,1,0,0510,0941,0,1
840,53,026,2016,6,20,       1140265,45,42,59,F,0,0,0,0,0510,0943,0,1
840,53,026,2017,6,19,       1140265,41,52,59,F,0,2,0,0,0510,0933,0,1
840,53,026,2018,6,25,       1140265,40,53,65,F,0,0,0,1,0510,0948,0,1
840,53,026,2019,6,19,       1140265,38,54,59,F,0,1,1,1,0510,0934,0,1
840,53,027,1968,6,23,       1090098,42,48,58,F,0,3,1,1,0458,,0,0
840,53,027,1969,6,22,       1090079,36,52,52,F,0,3,1,2,0505,0957,0,1
840,53,027,1970,7,3,       1090079,42,41,70,F,0,3,0,0,0508,0950,0,1
840,53,027,1971,6,20,       1090079,34,44,69,F,0,3,2,0,0458,0908,0,1
840,53,027,1972,6,25,       1090098,48,38,52,F,1,3,2,1,0509,0930,0,1
840,53,027,1973,6,23,       1090079,46,51,64,F,1,1,2,2,0506,0930,0,1
840,53,027,1974,6,15,       1090079,58,58,70,F,3,3,0,0,0505,1002,0,1
840,53,027,1975,6,17,       1090079,44,44,60,F,0,2,1,2,0505,0917,0,1
840,53,027,1976,6,19,       1090098,56,45,60,F,0,1,0,0,0505,0937,0,1
840,53,027,1977,6,17,       1040214,50,40,58,F,0,3,0,0,0505,0947,0,1
840,53,027,1978,6,20,       1040214,50,27,56,F,2,3,0,0,0505,0920,0,1
840,53,027,1979,6,21,       1040214,53,34,56,F,0,4,0,2,0505,0930,0,1
840,53,027,1980,6,17,       1040214,56,47,66,F,0,2,2,0,0505,0927,0,1
840,53,027,1981,6,22,       1100057,43,42,55,F,1,2,2,2,0507,0945,0,1
840,53,027,1982,6,29,       1100057,41,58,60,F,3,0,2,2,0509,1006,0,1
840,53,027,1987,6,14,       1010118,68,40,73,F,0,0,0,0,0505,0948,0,1
840,53,027,1988,6,18,       1010118,69,58,80,F,0,5,2,0,0506,1000,0,0
840,53,027,1989,6,17,       1010118,68,37,56,F,0,4,0,0,0505,0924,0,1
840,53,027,1990,6,17,       1010118,62,34,50,F,0,2,0,0,0506,0931,0,1
840,53,027,1991,6,22,       1010118,69,46,54,F,2,1,2,2,0505,0920,0,1
840,53,027,1992,6,20,       1010118,70,44,72,F,0,2,0,0,0506,0943,0,1
840,53,027,1993,6,20,       1010118,64,48,76,F,0,1,1,0,0506,1000,0,1
840,53,027,1994,6,18,       1010118,70,40,78,F,0,1,1,1,0506,0945,0,1
840,53,027,1996,6,23,       1150711,53,33,65,F,1,1,0,0,0506,0915,0,1
840,53,027,1997,7,4,       1150711,48,52,72,F,0,2,0,0,0506,0918,1,1
840,53,027,1998,6,21,       1150711,58,38,62,F,0,2,0,1,0506,0946,1,1
840,53,027,1999,7,5,       1150711,48,46,60,F,2,3,1,1,0506,0930,1,1
840,53,027,2000,6,21,       1150711,54,42,68,F,0,2,0,1,0508,0950,1,1
840,53,027,2001,6,10,       1150711,56,44,68,F,2,2,1,1,0506,0950,0,1
840,53,027,2002,6,16,       1150711,52,44,74,F,1,3,0,0,0506,0955,0,1
840,53,027,2003,6,22,       1150711,55,41,54,F,1,3,2,1,0506,0955,0,1
840,53,027,2004,6,20,       1150711,56,33,62,F,1,4,1,1,0506,0949,0,1
840,53,027,2005,7,1,       1150711,55,44,67,F,0,2,1,1,0506,0951,1,1
840,53,027,2006,6,21,       1150711,59,34,58,F,0,2,0,0,0506,1006,1,1
840,53,027,2007,6,16,       1150711,64,43,60,F,1,1,1,1,0506,1001,0,1
840,53,027,2008,6,15,       1150711,55,31,57,F,0,2,0,0,0506,1010,0,1
840,53,027,2009,7,3,       1150711,55,51,64,F,1,0,2,1,0506,1010,1,1
840,53,027,2010,6,13,       1150711,65,30,54,F,0,1,0,0,0506,1007,1,1
840,53,027,2011,6,18,       1150711,61,37,65,F,0,1,1,1,0506,1004,1,1
840,53,027,2012,6,16,       1150711,58,34,67,F,0,3,0,1,0506,0950,1,1
840,53,027,2013,6,15,       1150711,59,32,64,F,1,2,0,0,0506,1000,1,1
840,53,027,2014,6,15,       1150711,60,33,62,F,0,4,1,2,0507,1034,1,1
840,53,027,2015,6,14,       1150711,59,35,56,F,0,3,0,2,0507,1007,1,1
840,53,027,2016,6,12,       1150711,54,33,63,F,0,3,1,1,0506,1023,1,1
840,53,027,2017,6,18,       1150711,61,51,57,F,3,3,2,2,0506,1020,1,1
840,53,027,2018,6,24,       1150711,63,49,57,F,1,3,5,2,0507,1027,1,1
840,53,027,2019,6,16,       1150711,66,53,64,F,2,2,2,1,0506,0958,1,1
840,53,028,1969,6,4,       1090077,43,46,75,F,1,3,0,0,0459,1020,0,1
840,53,028,1970,6,6,       1090077,47,44,76,F,0,1,0,0,0502,1044,0,1
840,53,028,1971,6,6,       1090077,40,37,58,F,1,2,0,2,0502,1000,0,1
840,53,028,1972,6,3,       1090077,36,45,74,F,2,1,0,2,0505,1005,0,1
840,53,028,1973,6,12,       1090077,38,36,71,F,1,1,1,2,0502,1025,0,1
840,53,028,1974,6,1,       1090077,43,30,63,F,0,2,0,0,0509,1047,0,1
840,53,028,1975,6,11,       1090077,39,42,65,F,2,2,2,0,0506,1017,0,1
840,53,028,1976,6,2,       1090077,38,42,56,F,1,3,0,2,0503,1019,0,1
840,53,028,1977,6,1,       1090077,43,43,82,F,2,2,0,0,0505,1021,0,1
840,53,028,1978,6,5,       1090077,50,40,70,F,0,1,0,0,0505,0944,0,1
840,53,028,1979,6,5,       1090077,39,52,68,F,2,0,2,2,0502,0928,0,1
840,53,028,1983,6,26,       1150421,37,58,76,F,2,3,0,1,0506,0950,0,1
840,53,028,1986,6,1,       1150408,36,55,75,F,0,1,0,0,0506,1005,0,1
840,53,028,1987,6,6,       1150408,42,55,80,F,1,2,1,0,0502,0953,0,1
840,53,028,1988,6,5,       1150408,43,56,76,F,1,3,0,0,0502,0924,0,1
840,53,028,1989,6,18,       1150408,44,52,72,F,0,1,0,0,0502,0952,0,1
840,53,028,1990,6,17,       1150408,43,38,68,F,0,4,0,0,0502,0945,0,1
840,53,028,1991,6,16,       1150408,44,42,68,F,0,4,0,0,0502,0929,0,1
840,53,028,1992,6,7,       1150408,49,36,62,F,0,0,0,0,0502,0914,0,1
840,53,028,1993,6,19,       1150408,50,42,64,F,0,1,0,0,0502,0858,0,1
840,53,028,1994,6,17,       1150408,49,40,66,F,1,1,1,1,0502,0905,0,1
840,53,028,1995,6,23,       1150408,44,38,60,F,0,1,0,0,0502,0910,0,1
840,53,028,1996,6,9,       1150408,45,42,74,F,0,1,0,0,0502,0908,0,1
840,53,028,1997,6,21,       1150408,44,33,60,F,0,1,0,0,0502,0902,1,1
840,53,028,1998,7,4,       1150408,47,42,60,F,0,0,0,0,0502,0858,1,1
840,53,028,1999,6,13,       1150408,41,38,70,F,0,0,0,0,0502,0907,1,1
840,53,028,2000,6,21,       1150408,45,36,62,F,0,1,0,0,0502,0907,1,1
840,53,028,2001,6,17,       1150408,41,55,65,F,2,2,2,0,0502,0909,1,1
840,53,028,2002,6,16,       1150408,50,54,74,F,0,0,0,0,0502,0917,1,1
840,53,028,2003,6,27,       1150408,42,48,75,F,0,2,0,0,0502,0902,1,1
840,53,028,2004,7,3,       1150408,44,44,78,F,0,0,0,1,0502,0915,1,1
840,53,028,2005,6,25,       1150408,38,45,75,F,0,0,0,0,0502,0915,1,1
840,53,028,2006,6,18,       1150408,44,42,74,F,0,0,0,0,0502,0917,1,1
840,53,028,2007,6,23,       1150408,46,52,74,F,0,2,1,1,0502,0917,0,1
840,53,028,2008,6,21,       1150408,38,50,80,F,0,0,1,0,0502,0935,1,1
840,53,028,2009,6,14,       1150408,40,47,68,F,0,1,2,1,0502,0930,1,1
840,53,028,2010,6,20,       1150408,43,44,60,F,0,0,0,0,0502,0923,0,1
840,53,028,2011,6,22,       1150408,49,46,70,F,0,1,0,0,0502,0915,1,1
840,53,028,2012,6,21,       1150408,46,42,66,F,0,0,0,0,0502,0948,1,1
840,53,028,2013,6,21,       1150408,37,48,54,F,0,1,0,2,0502,0925,1,1
840,53,028,2014,6,21,       1150408,42,46,64,F,1,1,0,1,0502,0930,0,1
840,53,028,2015,6,19,       1150408,47,54,68,F,0,0,1,2,0502,0930,1,1
840,53,028,2016,6,10,       1150408,45,45,75,F,0,1,0,0,0502,0950,1,1
840,53,028,2017,6,27,        990925,46,52,64,F,2,2,1,1,0502,0937,0,1
840,53,028,2018,7,7,        990925,54,51,66,F,2,1,1,2,0514,1001,0,1
840,53,028,2019,6,24,        990925,55,44,60,F,2,2,1,1,0503,1019,0,1
840,53,036,1977,5,31,        980280,43,45,63,F,2,2,1,1,0518,0937,0,1
840,53,036,1978,6,25,        980280,55,42,45,F,0,0,1,2,0518,0904,0,1
840,53,036,1986,6,14,       1150469,62,41,,F,1,1,0,2,0514,1028,0,1
840,53,036,1987,6,7,       1150469,69,45,64,F,0,1,0,0,0514,1020,0,1
840,53,036,1988,6,17,       1150469,61,45,74,F,1,1,0,0,0514,1010,0,1
840,53,036,1989,6,13,       1150469,62,42,63,F,1,1,0,0,0514,0948,0,1
840,53,036,1990,6,22,       1150469,56,40,,F,1,2,0,0,0514,1005,0,1
840,53,036,1991,6,24,       1150469,56,48,49,F,2,1,2,2,0514,1000,0,1
840,53,036,1992,6,18,       1150469,67,43,60,F,1,1,4,0,0514,1020,0,1
840,53,036,1994,6,21,       1150469,57,50,72,F,0,0,1,1,0514,0940,0,1
840,53,036,1995,6,19,       1150469,49,0,0,F,0,0,1,0,0515,0928,0,1
840,53,036,1996,6,28,       1150469,54,42,60,F,1,1,0,1,0515,0937,0,1
840,53,036,1997,6,23,       1150469,58,33,50,F,0,1,0,1,0515,0925,1,1
840,53,036,1998,6,29,       1150469,58,38,56,F,0,2,0,0,0514,0938,1,1
840,53,036,1999,6,18,       1150469,60,42,64,F,0,1,1,0,0514,0937,1,1
840,53,036,2000,6,16,       1150469,57,38,58,F,0,3,0,1,0514,0928,1,1
840,53,036,2001,6,15,       1150469,55,42,50,F,0,3,2,1,0514,0926,1,1
840,53,036,2002,6,28,       1150469,58,53,57,F,0,3,2,2,0514,0950,1,1
840,53,036,2003,6,20,       1150469,51,56,50,F,0,0,2,2,0514,1029,1,1
840,53,036,2004,6,22,       1150469,59,43,63,F,0,0,0,0,0514,0935,1,1
840,53,036,2005,6,21,       1150469,60,50,71,F,0,0,0,1,0514,0932,1,1
840,53,036,2006,6,18,       1150469,55,31,58,F,0,3,0,0,0514,0950,1,1
840,53,036,2007,6,15,       1150469,65,43,62,F,0,2,1,0,0514,0955,1,1
840,53,036,2008,6,26,       1150469,52,46,68,F,1,2,2,2,0514,0948,1,1
840,53,036,2009,6,12,       1150469,51,46,38,F,0,1,0,0,0514,0958,1,1
840,53,036,2010,6,11,       1150469,54,42,39,F,0,2,2,2,0514,0958,1,1
840,53,036,2011,6,27,       1150469,50,38,56,F,0,0,0,1,0514,0945,1,1
840,53,036,2012,6,23,       1150469,63,46,69,F,0,2,0,0,0514,1040,1,1
840,53,036,2013,6,15,       1150469,63,30,50,F,1,1,0,0,0514,1010,1,1
840,53,036,2014,6,13,       1151509,68,50,50,F,2,1,2,1,0514,1022,1,1
840,53,036,2015,6,19,       1151509,60,44,56,F,1,2,1,0,0514,1045,1,1
840,53,036,2016,6,18,       1151509,65,46,69,F,2,2,1,0,0514,1000,1,1
840,53,036,2017,6,23,       1151509,66,32,60,F,0,2,0,0,0514,1030,1,1
840,53,036,2018,6,23,       1151509,61,45,49,F,0,2,1,1,0514,1035,1,1
840,53,036,2019,6,15,       1151509,66,38,65,F,0,1,0,0,0514,1045,1,1
840,53,037,1968,7,5,       1150110,54,40,70,F,1,3,0,0,0449,0910,0,1
840,53,037,1969,7,5,       1150110,44,40,60,F,0,1,0,1,0516,0943,0,1
840,53,037,1970,7,5,       1150110,44,54,76,F,0,0,2,0,0519,0940,0,1
840,53,037,1971,7,5,       1150110,47,42,68,F,0,0,0,0,0524,1005,0,1
840,53,037,1972,7,3,       1150110,40,42,48,F,1,4,1,1,0516,0921,0,1
840,53,037,1973,7,6,       1150110,41,51,70,F,1,1,0,0,0516,0933,0,1
840,53,037,1974,6,30,       1150110,48,45,70,F,0,2,0,0,0527,0917,0,1
840,53,037,1975,7,3,       1150110,40,50,75,F,0,1,0,0,0516,0913,0,1
840,53,037,1976,7,6,       1150110,44,46,70,F,0,0,0,0,0516,1000,0,1
840,53,038,1972,6,2,       1150110,49,50,65,F,0,0,0,0,0509,0925,0,1
840,53,038,1973,6,22,       1150110,55,43,75,F,0,0,0,0,0506,0926,0,1
840,53,038,1974,6,22,       1150110,48,45,70,F,0,1,0,0,0506,0924,0,1
840,53,038,1975,7,1,       1090207,44,50,62,F,0,0,0,0,0509,0920,0,1
840,53,038,1976,6,9,       1090207,44,55,65,F,0,0,0,0,0506,0910,0,1
840,53,038,1977,6,16,       1090207,41,52,57,F,1,1,0,2,0506,0845,0,1
840,53,038,1978,6,21,       1090207,45,45,65,F,1,1,0,0,0506,0903,0,1
840,53,038,1979,6,12,       1090207,38,45,55,F,0,0,0,0,0506,0845,0,1
840,53,038,1980,6,9,       1090207,47,48,63,F,1,0,0,0,0506,0850,0,1
840,53,038,1981,6,19,       1090207,47,49,68,F,2,0,1,2,0506,0852,0,1
840,53,039,1968,6,15,       1000035,60,40,59,F,0,0,2,1,0518,1000,0,1
840,53,039,1969,6,7,       1000035,56,56,60,F,0,0,2,2,0503,0940,0,1
840,53,039,1970,6,6,       1000035,54,55,65,F,0,1,0,0,0502,0952,0,1
840,53,039,1971,6,5,       1000035,52,34,54,F,0,5,0,1,0502,0946,0,0
840,53,039,1972,7,1,       1000035,59,40,64,F,0,0,0,0,0505,0900,0,1
840,53,039,1973,7,3,       1000035,48,43,72,F,0,0,0,1,0508,0928,0,1
840,53,039,1974,7,2,       1000035,55,50,56,F,0,0,2,1,0505,0907,0,1
840,53,039,1975,7,2,       1000035,51,52,70,F,0,0,2,0,0505,0900,0,1
840,53,039,1976,6,10,       1000035,59,40,58,F,0,1,0,1,0502,0903,0,1
840,53,039,1977,6,22,       1000035,54,52,60,F,0,1,0,2,0502,0843,0,1
840,53,039,1978,6,28,       1000035,54,46,70,F,0,0,0,1,0505,0920,0,1
840,53,039,1979,6,26,       1000035,56,50,60,F,0,0,2,2,0502,0856,0,1
840,53,039,1980,6,3,       1000035,56,44,50,F,2,1,1,1,0505,0850,0,1
840,53,039,1981,6,20,       1000035,48,52,62,F,0,0,2,2,0502,0919,0,1
840,53,039,1982,6,11,       1000035,49,40,55,F,0,0,0,0,0502,0915,0,1
840,53,039,1983,6,5,       1000035,56,35,64,F,0,0,0,1,0502,0929,0,1
840,53,039,1984,6,28,       1000035,50,48,75,F,0,0,0,0,0505,0930,0,1
840,53,039,1985,6,13,       1000035,58,50,62,F,0,2,2,0,0502,0930,0,1
840,53,039,1986,6,20,       1000035,52,44,58,F,0,0,0,1,0502,0858,0,1
840,53,039,1987,6,27,       1000035,55,47,75,F,0,0,0,0,0502,0912,0,1
840,53,039,1988,6,20,       1000035,52,56,74,F,0,1,0,2,0502,0910,0,1
840,53,039,1989,6,24,       1000035,52,42,45,F,0,0,1,1,0502,0839,0,1
840,53,039,1990,6,9,       1000035,54,42,68,F,0,0,0,0,0502,0858,0,1
840,53,039,1991,6,26,       1000035,53,38,43,F,0,0,0,0,0503,1015,0,1
840,53,039,1992,6,26,       1000035,53,48,69,F,1,1,1,1,0502,0920,0,1
840,53,039,1993,6,25,       1090528,49,37,53,F,0,2,1,1,0502,0928,0,1
840,53,039,1994,6,24,       1090528,53,48,74,F,0,0,0,0,0502,0949,0,1
840,53,039,1995,6,23,       1090528,47,45,55,F,0,2,2,1,0502,0926,0,1
840,53,039,1996,6,27,       1090528,51,54,66,F,2,2,0,0,0502,0928,0,1
840,53,039,1997,6,26,       1090528,47,40,66,F,0,1,0,0,0502,0928,1,1
840,53,039,1998,6,27,       1090528,45,44,44,F,2,2,2,2,0502,0923,1,1
840,53,039,1999,6,25,       1090528,50,64,52,F,3,2,2,2,0502,0922,1,1
840,53,039,2000,7,11,        970230,60,49,72,F,1,1,0,0,0503,0942,0,1
840,53,039,2001,7,2,        970230,58,43,66,F,0,1,1,0,0500,0952,0,1
840,53,039,2002,7,4,        970230,61,11,21,C,1,3,0,0,0526,0948,0,1
840,53,039,2006,6,23,        990692,53,50,68,F,0,1,1,1,0506,1041,1,1
840,53,039,2007,6,20,        990692,55,42,70,F,0,0,0,0,0504,1045,0,1
840,53,039,2008,6,24,        990692,51,40,70,F,0,1,0,0,0500,1005,1,1
840,53,039,2009,6,16,        990692,49,50,60,F,0,1,2,2,0504,1045,0,1
840,53,039,2010,6,15,        990692,62,45,45,F,1,0,0,2,0504,1015,1,1
840,53,039,2011,6,16,        990692,47,38,41,F,1,1,2,7,0504,1020,0,1
840,53,039,2012,6,20,        990692,55,40,55,F,1,2,2,0,0502,1031,1,1
840,53,039,2013,6,13,       1070576,59,51,66,F,1,1,2,1,0500,1010,1,1
840,53,039,2014,6,20,       1070576,58,46,71,F,0,1,0,1,0502,1020,1,1
840,53,039,2015,6,19,       1070576,66,54,74,F,0,0,0,2,0504,1020,1,1
840,53,039,2016,6,17,       1070576,61,33,48,F,0,1,1,2,0504,1020,1,1
840,53,039,2017,6,26,       1070576,63,52,68,F,0,1,0,0,0502,1012,1,1
840,53,039,2018,6,20,       1070576,66,54,56,F,0,0,2,2,0502,1040,0,1
840,53,039,2019,6,23,       1070576,64,36,51,F,0,3,0,2,0502,1028,0,1
840,53,041,1968,6,8,       1150115,39,50,59,F,0,2,0,2,0458,1021,0,1
840,53,041,1969,6,7,       1150115,33,51,61,F,1,0,1,1,0454,0906,0,1
840,53,041,1970,6,26,       1150115,29,64,75,F,2,3,1,1,0457,0827,0,1
840,53,041,1971,6,27,       1150115,34,53,52,F,2,2,2,2,0445,0848,0,1
840,53,041,1972,6,3,       1150115,40,56,69,F,0,0,0,0,0457,0858,0,1
840,53,041,1973,6,10,       1150115,33,48,57,F,1,0,1,2,0454,0840,0,1
840,53,041,1974,6,8,       1090110,40,42,55,F,0,1,1,1,0455,0920,0,1
840,53,041,1975,6,14,       1090110,45,45,72,F,3,3,0,0,0500,1042,0,1
840,53,041,1976,6,19,       1090110,34,43,76,F,3,3,0,0,0500,1018,0,1
840,53,041,1977,6,18,       1090110,41,41,64,F,0,3,0,1,0500,1035,0,1
840,53,041,1979,6,9,       1090110,40,46,58,F,0,2,0,0,0454,1003,0,1
840,53,041,1980,6,22,       1090110,42,50,62,F,2,2,1,1,0500,0905,0,1
840,53,041,1983,6,23,       1040285,44,58,77,F,1,2,2,0,0500,0850,0,1
840,53,041,1984,7,3,       1040285,46,57,79,F,0,3,0,0,0505,0905,0,1
840,53,041,1985,7,18,       1040285,44,59,92,F,0,3,0,0,0515,0910,0,0
840,53,041,1986,6,14,       1040285,42,49,59,F,0,3,1,0,0454,0920,0,1
840,53,041,1987,6,23,       1040285,48,53,65,F,0,0,1,0,0454,0905,0,1
840,53,041,1988,7,5,       1040285,50,60,84,F,4,4,1,1,0454,0923,0,1
840,53,041,1989,6,21,       1040285,44,45,61,F,1,4,1,1,0454,0912,0,1
840,53,041,1990,6,28,       1040285,43,65,78,F,0,1,0,1,0456,0845,0,1
840,53,041,1991,6,9,       1040285,42,40,62,F,0,2,2,1,0506,0920,0,1
840,53,041,1992,6,12,       1040285,45,50,69,F,1,2,1,0,0454,0902,0,1
840,53,041,1993,6,10,       1040285,37,40,58,F,2,3,2,1,0454,0846,0,1
840,53,041,1994,5,25,       1040285,49,49,64,F,1,3,0,0,0454,0853,0,0
840,53,041,1995,6,4,       1040285,48,42,65,F,1,3,1,1,0454,0923,0,1
840,53,041,1996,6,15,       1040285,57,49,82,F,0,1,0,1,0454,0925,0,1
840,53,041,1997,6,12,       1040285,49,55,72,F,0,1,0,2,0506,0927,0,1
840,53,041,1998,6,1,       1040285,46,45,65,F,0,5,0,1,0456,0920,0,1
840,53,041,2000,6,19,       1040285,45,51,79,F,0,2,2,0,0502,0930,0,1
840,53,041,2001,5,31,       1040285,49,55,65,F,0,2,0,1,0506,0920,0,1
840,53,041,2002,6,12,       1040285,43,42,68,F,0,1,0,1,0506,0912,0,1
840,53,041,2003,6,2,       1040285,38,45,82,F,0,1,1,1,0456,0920,0,1
840,53,041,2004,6,5,       1040285,48,48,75,F,0,1,0,2,0507,0915,0,1
840,53,041,2005,6,1,       1040285,53,42,51,F,0,0,4,5,0506,0910,0,1
840,53,041,2006,6,12,       1040285,41,58,69,F,1,2,0,1,0454,0937,0,1
840,53,041,2007,6,27,       1040285,48,42,84,F,0,1,0,1,0514,0915,0,1
840,53,041,2008,6,16,       1040285,62,52,69,F,1,1,0,1,0455,0924,0,1
840,53,041,2009,6,22,       1040285,45,58,74,F,0,2,0,1,0454,0913,0,1
840,53,041,2010,6,2,       1040285,50,49,65,F,0,2,0,1,0506,0920,0,1
840,53,041,2011,6,19,       1040285,49,40,59,F,0,1,1,2,0454,0924,0,1
840,53,041,2012,6,7,       1040285,45,60,66,F,1,0,1,1,0454,1000,1,1
840,53,041,2013,6,22,       1091258,54,55,59,F,2,3,2,1,0507,1021,1,1
840,53,041,2016,6,10,       1041121,56,53,71,F,0,3,0,0,0454,1024,1,1
840,53,041,2017,6,11,       1041121,53,43,58,F,1,2,0,2,0454,1020,1,1
840,53,041,2018,6,10,       1041121,53,63,65,F,3,3,2,1,0454,0950,1,1
840,53,041,2019,6,15,       1041121,52,50,53,F,0,2,0,1,0454,1035,0,1
840,53,046,1973,7,6,       1030048,45,48,75,F,0,3,0,0,0510,1027,0,1
840,53,046,1974,6,29,       1030048,45,50,75,F,1,0,0,0,0513,1042,0,1
840,53,046,1975,7,5,       1030048,52,55,70,F,1,3,0,0,0516,1005,0,1
840,53,046,1978,7,2,       1150284,38,40,45,F,0,4,0,1,0517,0921,0,1
840,53,046,1980,6,24,       1000141,45,40,50,F,0,3,0,0,0515,0939,0,1
840,53,046,1981,6,30,       1000141,53,37,68,F,1,2,0,0,0517,0940,0,1
840,53,046,1986,6,18,       1090360,59,55,65,F,1,3,1,1,0514,1020,0,1
840,53,046,1988,6,25,       1090418,35,56,87,F,0,0,0,1,0514,0923,0,1
840,53,046,1989,6,25,       1090418,34,40,52,F,0,0,0,0,0514,0928,0,1
840,53,046,1990,6,23,       1090418,45,44,66,F,1,0,1,1,0514,0924,0,1
840,53,046,1991,6,19,       1090360,60,48,58,F,2,1,2,1,0516,1002,0,1
840,53,046,1992,6,12,       1090360,61,48,60,F,0,1,0,0,0514,0930,0,1
840,53,046,1993,6,18,       1090360,61,38,50,F,0,0,0,0,0515,0917,0,1
840,53,046,1994,6,4,       1090360,72,39,55,F,0,2,0,1,0515,0940,0,1
840,53,046,1996,6,9,       1090360,68,45,60,F,0,0,0,0,0514,0921,0,1
840,53,046,1997,6,17,       1090360,67,52,60,F,0,0,1,1,0514,0928,1,1
840,53,046,1998,7,12,        970230,40,9,18,C,0,0,0,0,0514,0948,1,1
840,53,046,2003,6,21,       1210041,43,0,0, ,2,3,2,1,0514,1014,0,1
840,53,046,2005,6,30,       1210041,51,41,63,F,2,3,1,0,0514,1037,0,1
840,53,046,2009,6,28,       1210041,52,41,67,F,0,3,0,1,0514,1027,0,1
840,53,046,2010,6,27,       1090712,52,40,44,F,0,1,0,0,0514,1006,0,1
840,53,046,2011,6,25,       1090712,47,33,42,F,1,2,0,0,0514,1000,0,1
840,53,046,2012,6,16,       1090712,53,37,50,F,0,2,0,0,0514,0959,0,1
840,53,046,2013,6,22,       1090712,40,31,36,F,0,2,0,1,0514,0943,0,1
840,53,046,2014,6,14,       1090712,38,32,40,F,1,0,1,2,0514,1008,0,1
840,53,046,2015,6,25,       1090712,44,55,60,F,1,2,0,0,0514,1008,0,1
840,53,046,2016,6,20,       1090712,47,43,55,F,0,2,1,1,0514,0933,0,1
840,53,046,2017,6,18,       1090712,52,42,51,F,0,0,1,2,0514,0941,0,1
840,53,046,2018,6,26,       1090712,55,50,68,F,0,2,1,0,0514,0938,0,1
840,53,046,2019,6,15,       1090712,52,42,55,F,0,1,0,0,0514,0932,0,1
840,53,047,1973,6,27,       1030048,44,55,65,F,0,2,0,1,0520,0950,0,1
840,53,047,1974,7,6,       1030048,49,50,70,F,0,1,1,1,0516,1030,0,1
840,53,047,1975,6,30,       1030048,40,45,60,F,0,1,1,1,0510,0953,0,1
840,53,047,1977,6,24,       1030048,45,45,70,F,3,3,0,0,0513,0931,0,1
840,53,047,1978,7,1,       1030048,45,48,62,F,0,0,0,0,0513,0955,0,1
840,53,047,1980,6,23,       1180044,52,44,55,F,3,1,2,1,0510,0912,0,1
840,53,047,1981,6,29,       1000141,60,42,73,F,0,1,0,0,0510,0936,0,1
840,53,047,1982,7,3,       1150408,58,58,66,F,3,3,2,0,0516,1315,0,0
840,53,047,1988,7,2,       1090418,45,55,69,F,0,0,0,0,0510,0916,0,1
840,53,047,1989,7,1,       1090418,59,36,48,F,0,0,0,0,0510,0918,0,1
840,53,047,1990,6,24,       1090418,60,37,60,F,0,0,0,0,0510,0920,0,1
840,53,047,1991,6,20,       1090360,66,40,60,F,0,0,0,1,0512,0923,0,1
840,53,047,1992,6,20,       1090360,72,42,58,F,1,1,0,0,0510,0920,0,1
840,53,047,1993,6,17,       1090360,65,40,50,F,2,2,2,2,0515,0904,0,1
840,53,047,1994,6,5,       1090360,84,35,52,F,0,0,0,0,0510,0855,0,1
840,53,047,1995,6,15,       1090360,82,48,56,F,2,4,1,1,0510,0920,0,1
840,53,047,1996,6,8,       1090360,75,52,58,F,0,0,0,0,0510,0909,0,1
840,53,047,1997,6,16,       1090360,73,50,60,F,0,0,0,4,0510,0913,1,1
840,53,047,1998,7,11,        970230,46,8,20,C,0,3,0,2,0510,0954,1,1
840,53,047,2003,6,22,        990599,59,35,42,F,0,0,0,0,0508,0815,0,1
840,53,047,2004,7,7,       1190666,50,45,72,F,2,4,0,0,0510,1040,0,1
840,53,047,2005,6,24,       1190666,48,40,65,F,1,0,0,0,0513,1001,0,1
840,53,047,2006,6,22,       1190666,55,6,17,C,0,0,0,0,0510,0959,0,1
840,53,047,2007,7,1,       1190666,48,8,18,C,0,1,1,0,0518,1005,0,1
840,53,047,2008,6,26,       1190666,56,8,14,C,0,1,0,0,0510,1011,0,1
840,53,047,2009,7,8,       1190666,46,45,62,F,0,1,0,1,0510,1041,0,1
840,53,047,2010,7,10,       1190666,43,45,65,F,0,0,1,0,0512,1015,0,1
840,53,047,2013,7,15,        990873,45,50,70,F,0,2,1,0,0529,1144,0,1
840,53,047,2014,7,15,        990873,40,40,65,F,2,3,0,2,0525,1055,0,1
840,53,047,2015,7,15,        990873,45,45,65,F,0,1,0,0,0534,1006,0,1
840,53,047,2016,7,13,        990873,42,32,54,F,0,2,0,0,0527,1015,0,1
840,53,047,2017,7,14,        990873,40,45,65,F,0,1,0,0,0525,1030,0,1
840,53,047,2018,7,9,        990873,41,55,65,F,0,2,0,0,0511,0939,0,1
840,53,047,2019,7,10,        990873,40,40,65,F,2,2,2,1,0520,0953,0,1
840,53,063,1993,6,25,       1110086,39,50,68,F,0,0,0,0,0514,0952,0,1
840,53,063,1994,6,12,       1110086,40,55,65,F,2,0,2,1,0514,1006,0,1
840,53,063,1995,6,24,       1110086,41,52,68,F,0,0,0,0,0514,0955,0,1
840,53,063,1996,6,15,       1110086,41,44,63,F,1,0,1,0,0515,0944,0,1
840,53,063,1997,6,14,       1110086,37,56,61,F,0,0,4,0,0513,0926,0,1
840,53,063,1998,6,7,       1110086,43,45,52,F,0,0,2,2,0514,0939,0,1
840,53,063,1999,6,19,       1110086,37,51,70,F,0,1,0,0,0516,0955,0,1
840,53,063,2000,6,7,       1110086,36,46,53,F,0,0,0,0,0514,0946,0,1
840,53,063,2003,7,2,       1151052,40,54,68,F,2,3,2,0,0524,1143,1,1
840,53,063,2004,6,15,       1151052,48,41,55,F,0,1,0,1,0514,1124,0,1
840,53,063,2006,6,9,       1151052,40,54,65,F,0,1,0,0,0514,1035,0,1
840,53,063,2007,6,14,       1151052,44,51,59,F,0,1,2,1,0514,1133,0,1
840,53,063,2008,6,20,       1151052,40,47,78,F,1,3,0,0,0517,1217,0,0
840,53,063,2009,6,24,       1041015,38,47,68,F,0,1,0,2,0516,1112,1,1
840,53,063,2010,7,1,       1041015,36,42,60,F,1,0,0,2,0540,1150,1,1
840,53,063,2011,6,17,       1041015,33,47,54,F,0,1,2,2,0554,1159,0,0
840,53,063,2012,6,13,       1041015,36,52,53,F,1,1,2,2,0526,1117,0,1
840,53,063,2013,6,12,       1041015,31,48,54,F,1,0,2,2,0514,1034,0,1
840,53,063,2014,6,10,       1041015,38,43,64,F,1,3,0,2,0536,1114,1,1
840,53,063,2015,6,12,       1190929,37,62,68,F,1,2,0,0,0514,1110,1,1
840,53,063,2016,6,7,       1190929,33,56,82,F,1,1,0,1,0514,1045,1,1
840,53,063,2017,6,7,       1190929,37,49,71,F,1,1,0,2,0514,1120,1,1
840,53,064,1993,6,19,       1160186,77,45,65,F,0,2,0,0,0510,1020,0,1
840,53,064,1994,6,17,       1160186,71,46,63,F,0,1,4,2,0510,1001,0,1
840,53,064,1995,6,13,       1160186,71,55,61,F,1,0,1,0,0510,0945,0,1
840,53,064,1996,6,23,       1160186,72,44,55,F,0,2,2,2,0510,1027,0,1
840,53,064,1997,6,25,       1160186,70,39,46,,1,2,2,1,0510,1018,1,1
840,53,064,1998,6,29,       1160186,67,50,69,F,1,2,0,1,0510,1125,0,1
840,53,064,1999,6,26,       1160186,73,38,49,F,0,2,0,1,0510,0920,0,1
840,53,064,2000,7,1,       1160186,76,43,68,F,1,1,2,1,0510,1112,0,1
840,53,064,2001,6,24,       1160186,78,58,76,F,2,0,2,1,0510,1113,0,1
840,53,064,2002,6,14,       1160186,80,50,60,F,1,2,1,0,0510,1045,1,1
840,53,064,2003,6,28,       1160186,80,56,71,F,1,2,0,0,0510,1052,1,1
840,53,064,2004,6,30,       1160186,78,54,61,F,1,3,2,1,0510,1055,0,1
840,53,064,2005,6,24,       1160186,74,48,58,F,0,0,0,2,0510,1032,1,1
840,53,064,2006,6,25,       1160186,78,53,65,F,0,2,0,0,0510,1050,1,1
840,53,064,2007,6,24,       1160186,73,54,58,F,1,2,1,1,0510,1045,1,1
840,53,064,2008,6,24,       1160186,77,53,58,F,1,1,2,1,0510,1100,1,1
840,53,064,2009,6,30,       1160186,65,48,51,F,1,2,0,0,0510,1015,1,1
840,53,064,2010,6,26,       1160186,70,57,55,F,0,1,0,1,0510,1020,1,1
840,53,064,2011,6,30,       1160186,66,44,52,F,1,3,2,0,0510,1100,1,1
840,53,064,2012,6,21,       1160186,67,53,63,F,1,2,1,0,0510,1035,0,1
840,53,064,2013,6,27,       1160186,77,52,58,F,1,1,0,0,0510,1025,1,1
840,53,064,2014,7,2,       1160186,68,53,62,F,1,1,0,1,0510,1004,0,1
840,53,064,2015,6,14,       1160186,68,41,52,F,1,0,1,0,0510,1015,0,1
840,53,064,2016,6,28,       1160186,64,55,60,F,1,1,0,0,0510,1018,0,1
840,53,064,2018,7,4,       1080698,75,36,50,F,1,2,0,0,0510,0950,0,1
840,53,074,1995,6,12,       1030337,44,55,70,F,1,2,1,1,0505,0945,0,1
840,53,074,1996,7,2,       1150649,44,60,70,F,1,1,0,0,0505,0921,0,1
840,53,074,1997,6,17,       1150649,49,50,70,F,1,2,2,1,0520,1028,0,1
840,53,074,1998,6,5,       1030337,56,47,67,F,1,0,2,0,0530,1200,0,1
840,53,074,2000,6,3,       1030383,50,47,68,F,1,3,1,0,0515,0933,0,1
840,53,074,2001,6,23,       1030383,58,55,78,F,1,2,1,1,0510,0926,0,1
840,53,074,2002,7,1,       1030383,51,64,70,F,1,1,2,1,0510,0928,0,1
840,53,074,2003,7,2,       1030383,50,55,65,F,0,1,5,0,0510,0928,0,1
840,53,074,2004,6,17,       1030383,60,50,64,F,2,2,2,1,0510,0926,0,1
840,53,074,2005,6,22,       1030383,60,55,70,F,3,2,1,1,0510,0933,0,1
840,53,074,2006,6,21,       1030383,57,45,64,F,0,0,0,0,0510,0948,0,1
840,53,074,2007,6,27,       1030383,56,49,70,F,1,2,0,1,0510,0942,0,1
840,53,074,2008,6,29,       1030383,56,59,72,F,1,1,0,0,0510,0929,1,1
840,53,074,2009,6,24,       1080587,56,43,69,F,1,1,2,1,0521,1008,0,1
840,53,074,2010,6,22,       1080587,57,13,23,C,0,1,4,2,0513,1059,1,1
840,53,074,2011,7,1,       1080587,56,42,70,F,3,3,0,1,0510,1052,0,1
840,53,074,2012,6,14,       1080587,60,48,65,F,1,1,1,1,0510,1046,0,1
840,53,074,2013,6,23,       1080587,59,48,68,F,1,1,0,0,0510,1122,0,1
840,53,074,2014,6,29,       1080587,59,48,65,F,2,1,2,1,0508,1042,0,1
840,53,074,2015,6,25,       1080587,57,64,85,F,0,0,0,0,0512,1104,0,1
840,53,074,2016,7,7,       1010346,52,45,60,F,0,0,0,0,0509,1027,0,1
840,53,074,2017,6,26,       1010346,59,51,76,F,1,0,1,1,0510,1047,0,1
840,53,074,2018,6,28,       1010346,59,50,65,F,1,0,2,0,0520,1109,0,1
840,53,074,2019,6,25,       1010346,55,39,56,F,0,3,0,2,0524,1103,0,1
840,53,075,1995,6,23,       1080319,41,46,54,F,0,0,1,1,0514,0950,0,1
840,53,075,1996,6,17,       1080319,41,52,57,F,0,0,2,1,0514,0934,0,1
840,53,075,1997,6,17,       1080319,42,51,62,F,0,0,2,1,0514,0957,1,1
840,53,075,1998,6,18,       1080319,42,49,53,F,0,0,2,2,0514,0940,1,1
840,53,075,1999,6,13,       1080319,35,34,50,F,0,1,0,0,0514,0945,0,1
840,53,075,2000,6,12,       1080319,45,46,50,F,0,1,2,2,0514,0945,0,1
840,53,075,2001,6,8,       1080319,43,40,55,F,0,0,0,1,0514,1025,0,1
840,53,075,2002,6,14,       1080319,42,40,54,F,0,0,0,1,0514,1022,0,1
840,53,075,2003,6,13,       1080319,42,50,60,F,0,2,0,2,0514,1030,0,1
840,53,075,2004,6,11,       1080319,40,50,48,F,1,1,2,2,0514,1005,0,1
840,53,075,2005,6,25,       1080319,42,48,57,F,1,1,2,2,0514,1032,0,1
840,53,075,2006,6,20,       1080319,39,42,54,F,0,2,0,0,0514,1005,0,1
840,53,075,2007,6,15,       1080319,42,45,55,F,0,1,1,1,0514,1003,0,1
840,53,075,2008,6,23,       1080319,38,39,41,F,0,1,0,0,0514,1015,0,1
840,53,075,2010,6,29,       1080319,39,59,63,F,0,1,1,1,0514,1010,0,1
840,53,075,2011,6,25,       1080319,38,35,44,C,0,2,1,1,0514,1015,0,1
840,53,075,2012,6,21,       1080319,34,45,59,F,0,1,0,1,0514,1036,0,1
840,53,075,2013,6,15,       1080319,36,34,39,F,0,1,0,0,0514,1012,0,1
840,53,075,2014,6,19,       1080319,38,47,53,F,1,2,2,1,0514,1005,0,1
840,53,075,2015,6,21,       1080319,34,42,44,F,0,0,0,0,0514,1020,0,1
840,53,075,2016,6,17,       1080319,35,37,41,F,0,1,4,0,0514,1000,0,1
840,53,075,2017,6,17,       1080319,40,47,45,F,1,1,2,2,0514,1019,0,1
840,53,075,2018,6,13,       1080319,35,44,51,F,0,2,2,2,0514,1008,0,1
840,53,075,2019,6,10,       1080319,39,46,46,F,0,1,2,1,0514,1015,0,1
840,53,076,1992,6,21,        980560,47,52,84,F,0,0,0,0,0512,1013,0,1
840,53,076,1993,6,29,        980560,44,38,47,F,0,2,2,2,0522,0953,0,1
840,53,076,1994,6,28,        980560,37,45,60,F,0,0,0,0,0510,0917,0,1
840,53,076,1995,7,2,        980560,41,46,45,F,2,0,1,1,0510,0918,0,1
840,53,076,1996,7,6,        980560,39,45,47,F,0,0,0,0,0512,0912,0,1
840,53,076,1998,7,1,        980560,34,50,55,F,0,0,0,0,0510,0929,1,1
840,53,086,1992,6,7,        980560,55,39,52,F,0,0,0,0,0518,0942,0,1
840,53,086,1993,6,14,        980560,63,38,56,F,0,0,0,0,0518,1006,0,1
840,53,086,1994,6,12,        980560,56,52,60,F,1,1,2,1,0518,0931,0,1
840,53,086,1995,6,18,        980560,54,40,38,F,0,0,2,2,0518,0907,0,1
840,53,086,1996,6,12,        980560,54,39,52,F,0,0,0,0,0518,0920,0,1
840,53,086,1997,6,15,        980560,61,58,65,F,1,0,1,0,0518,0926,0,1
840,53,086,1998,6,30,        980560,53,45,50,F,0,0,0,0,0520,0925,1,1
840,53,086,1999,6,16,        980769,47,53,64,F,0,0,1,0,0518,0935,1,1
840,53,086,2000,6,19,        980769,49,55,55,F,0,2,1,2,0518,0930,1,1
840,53,086,2001,6,14,        980769,47,30,51,F,0,0,0,1,0518,0957,1,1
840,53,086,2002,6,21,        980769,45,48,52,F,0,0,1,0,0518,0930,1,1
840,53,086,2003,6,25,        980769,46,40,46,F,0,0,0,0,0518,0848,0,1
840,53,086,2004,6,17,        980769,47,41,64,F,0,2,0,0,0518,1015,1,1
840,53,086,2005,6,15,        980769,45,56,62,F,0,0,2,0,0523,0941,1,1
840,53,086,2007,6,22,        980769,42,60,60,F,0,0,0,0,0518,0925,0,1
840,53,086,2008,6,21,        980769,44,48,60,F,0,0,0,0,0518,0944,1,1
840,53,086,2009,6,23,        980769,45,43,52,F,0,0,0,0,0625,0952,0,0
840,53,086,2010,6,22,       1190850,42,40,55,F,1,2,5,2,0518,1020,0,1
840,53,086,2011,7,2,       1190850,43,42,56,F,0,1,0,0,0522,1037,1,1
840,53,086,2012,7,5,       1190850,50,7,16,C,0,0,1,2,0515,1035,0,1
840,53,086,2013,7,4,       1190850,53,56,73,F,0,2,1,2,0519,1038,0,1
840,53,086,2014,7,4,       1190850,51,54,72,F,0,1,0,1,0512,1020,0,1
840,53,086,2015,6,25,       1190850,49,53,68,F,0,0,0,0,0518,1021,0,1
840,53,086,2016,7,1,       1190850,55,46,75,F,0,0,0,0,0518,1023,0,1
840,53,086,2017,6,30,       1190850,49,48,66,F,0,1,0,0,0518,1027,0,1
840,53,086,2018,6,25,       1190850,45,46,68,F,0,0,0,1,0518,1017,0,1
840,53,086,2019,6,29,       1190850,51,42,66,F,0,1,2,0,0518,1025,0,1
840,53,087,1993,5,31,       1120291,51,40,52,F,0,1,1,1,0514,1015,0,1
840,53,087,1994,6,18,       1120291,54,35,52,F,0,1,1,0,0514,0936,0,1
840,53,087,1995,6,10,       1120291,44,50,62,F,0,3,2,0,0514,0935,0,1
840,53,087,1997,5,31,       1120291,52,41,58,F,0,2,0,1,0516,0940,1,1
840,53,087,1998,6,13,       1120291,47,45,60,F,0,1,1,1,0521,0938,1,1
840,53,087,2000,5,27,       1120291,55,36,63,F,1,1,0,0,0514,1001,1,1
840,53,087,2001,5,27,       1120291,50,48,65,F,0,0,2,2,0514,0923,1,1
840,53,087,2002,6,15,       1120291,51,44,64,F,1,1,1,0,0514,0952,1,1
840,53,087,2004,6,5,       1120291,55,40,63,F,0,2,0,0,0514,0940,1,1
840,53,087,2005,6,6,       1120291,47,38,48,F,0,3,2,2,0514,0940,1,1
840,53,087,2006,6,27,       1120291,51,46,66,F,0,2,0,0,0514,0934,0,1
840,53,087,2007,6,3,       1120291,56,37,70,F,1,1,0,0,0514,0949,0,1
840,53,087,2008,6,14,       1120291,53,36,64,F,0,2,0,0,0514,0942,1,1
840,53,087,2009,6,13,       1120291,51,32,60,F,0,1,0,1,0514,0946,1,1
840,53,087,2010,6,26,       1120291,47,40,60,F,0,1,1,1,0514,0946,1,1
840,53,087,2011,6,26,       1120291,46,38,58,F,0,3,1,1,0514,0955,1,1
840,53,087,2012,6,24,       1120291,55,54,79,F,1,2,0,0,0514,1002,1,1
840,53,087,2014,6,19,       1120291,47,38,60,F,0,3,2,1,0514,0957,1,1
840,53,087,2015,5,30,       1120291,52,38,58,F,0,2,1,1,0514,0951,1,1
840,53,087,2016,6,17,       1120291,48,27,48,F,0,2,0,2,0514,0941,1,1
840,53,087,2017,6,19,       1120291,47,32,64,F,0,2,0,0,0514,0955,1,1
840,53,087,2018,6,2,       1120291,48,26,55,F,0,1,0,0,0514,1005,1,1
840,53,087,2019,6,24,       1120291,47,38,56,F,0,2,1,1,0514,0946,1,1
840,53,097,1994,5,28,       1120291,47,32,45,F,0,2,0,1,0514,0952,0,1
840,53,097,1995,5,27,       1120291,40,45,57,F,2,2,2,2,0514,0957,0,1
840,53,097,1996,6,2,       1120291,51,28,42,F,3,3,0,0,0514,0954,0,1
840,53,097,1998,6,14,       1120291,43,44,55,F,0,2,1,2,0531,0956,1,1
840,53,097,1999,7,4,       1120291,53,37,66,F,0,2,0,1,0517,1000,1,1
840,53,097,2000,5,28,       1120291,51,47,60,F,0,3,2,2,0514,1007,1,1
840,53,097,2001,7,2,       1120291,54,51,70,F,2,1,0,0,0514,1000,1,1
840,53,097,2002,6,14,       1120291,51,34,59,F,1,1,0,0,0522,1007,1,1
840,53,097,2004,6,6,       1120291,48,46,64,F,1,3,0,0,0514,1020,1,1
840,53,097,2005,6,5,       1120291,49,40,58,F,0,2,0,1,0514,1006,1,1
840,53,097,2006,6,25,       1120291,49,40,66,F,0,1,0,0,0514,1004,0,1
840,53,097,2007,6,2,       1120291,50,38,78,F,0,1,0,0,0514,1033,0,1
840,53,097,2008,6,29,       1120291,45,46,74,F,0,1,0,0,0514,1014,1,1
840,53,097,2009,6,27,       1120291,46,28,66,F,0,1,0,0,0514,1008,1,1
840,53,097,2010,6,27,       1120291,53,34,73,F,0,2,0,0,0514,1024,1,1
840,53,097,2011,6,27,       1120291,53,32,66,F,0,1,0,0,0514,0956,1,1
840,53,097,2012,6,25,       1120291,50,54,82,F,0,3,0,0,0514,1021,1,1
840,53,097,2013,6,27,       1120291,50,40,70,F,1,1,0,0,0514,1000,1,1
840,53,097,2015,5,31,       1120291,57,44,66,F,1,2,1,1,0515,1012,1,1
840,53,097,2016,6,18,       1120291,55,36,66,F,0,3,0,0,0515,1004,1,1
840,53,097,2017,6,21,       1120291,50,44,67,F,0,2,0,0,0514,0954,1,1
840,53,097,2018,6,3,       1120291,49,34,66,F,0,1,0,0,0514,1012,1,1
840,53,097,2019,6,25,       1120291,50,36,58,F,0,1,1,1,0514,1009,1,1
840,53,101,1995,6,19,       1000315,38,52,70,F,0,0,1,1,0505,1126,0,1
840,53,101,1998,6,14,       1000315,46,56,65,F,1,0,2,1,0500,0952,0,1
840,53,101,1999,6,17,       1000315,48,60,74,F,1,0,0,0,0500,1042,0,1
840,53,101,2000,6,16,       1000315,53,49,60,F,0,0,0,0,0509,1035,0,1
840,53,101,2001,6,18,       1000315,50,51,61,F,2,2,0,1,0508,1010,0,1
840,53,101,2002,6,15,       1000315,39,55,72,F,0,2,0,0,0501,1010,0,1
840,53,101,2003,6,16,       1000315,47,44,61,F,2,0,0,0,0500,0950,0,1
840,53,101,2004,6,22,       1090918,49,46,72,F,0,1,1,1,0515,1108,0,1
840,53,101,2005,6,24,       1090918,46,58,71,F,1,1,0,0,0519,1051,0,1
840,53,101,2006,6,22,       1090918,46,59,76,F,0,0,1,0,0509,1010,0,1
840,53,101,2008,6,23,       1090918,47,53,62,F,0,1,0,0,0507,0857,0,1
840,53,101,2011,7,1,       1090918,43,40,58,F,0,3,0,0,0519,0947,0,1
840,53,101,2014,7,5,       1040596,56,54,55,F,0,0,0,0,0509,1139,0,1
840,53,101,2015,6,10,       1040596,55,59,59,F,0,1,0,0,0509,1141,0,0
840,53,101,2016,6,23,       1040596,53,50,54,F,0,0,1,2,0509,1115,0,1
840,53,101,2017,6,23,       1040596,55,46,61,F,0,2,0,0,0509,1154,0,0
840,53,101,2018,6,28,       1040596,54,50,54,F,0,1,0,2,0509,1123,0,1
840,53,101,2019,6,19,       1040596,52,52,56,F,0,4,1,2,0509,1119,0,1
840,53,103,2009,6,25,       1030167,60,52,68,F,1,5,2,0,0501,0926,0,0
840,53,103,2010,6,15,       1030167,52,47,60,F,0,2,2,1,0501,0936,0,1
840,53,103,2011,6,27,       1030167,49,36,64,F,1,2,0,1,0501,0925,0,1
840,53,103,2012,6,21,       1030167,58,37,65,F,1,2,0,0,0501,0956,0,1
840,53,103,2013,6,11,       1030167,55,49,50,F,2,3,2,2,0501,0947,0,1
840,53,103,2014,6,22,       1030167,60,44,65,F,0,1,1,1,0501,0940,0,1
840,53,103,2015,6,18,       1030167,53,50,62,F,2,2,1,2,0501,1002,0,1
840,53,103,2016,6,27,       1030167,65,39,72,F,0,2,0,0,0501,1021,0,1
840,53,103,2017,6,25,       1030167,55,43,67,F,0,2,0,0,0501,0934,0,1
840,53,103,2018,6,23,        981456,53,56,64,F,2,2,2,2,0502,1059,1,1
840,53,103,2019,6,18,       1080710,52,57,64,F,3,2,1,1,0502,1052,0,1
840,53,137,1977,6,20,       1150110,52,48,63,F,0,2,2,1,0510,0956,0,1
840,53,137,1978,6,18,        980255,46,50,71,F,1,2,0,0,0510,1007,0,1
840,53,137,1979,6,27,        980255,47,63,75,F,3,1,2,0,0510,1008,0,1
840,53,137,1980,6,29,        980255,44,55,74,F,1,1,0,0,0510,0958,0,1
840,53,137,1981,6,27,        980255,46,59,75,F,2,0,1,0,0513,1125,0,1
840,53,137,1982,6,30,        980255,42,53,72,F,1,0,0,0,0513,1058,0,1
840,53,137,1983,7,3,        980255,45,48,59,F,3,2,2,2,0516,1131,0,1
840,53,137,1984,6,24,        980255,45,54,70,F,0,0,0,0,0510,1052,0,1
840,53,137,1986,6,15,        980255,42,46,68,F,0,2,1,1,0510,1013,0,1
840,53,137,1987,6,14,        980255,46,43,72,F,1,2,0,0,0510,1110,0,1
840,53,137,1988,6,21,        980255,40,63,70,F,0,0,2,0,0510,1003,0,1
840,53,137,1989,6,17,        980255,44,46,66,F,0,1,0,0,0510,1038,0,1
840,53,137,1990,6,22,        980255,41,50,73,F,0,0,0,0,0510,1043,0,1
840,53,137,1991,6,22,        980255,46,50,68,F,1,1,1,0,0510,1053,0,1
840,53,137,1992,6,4,        980255,48,45,70,F,0,0,0,0,0510,1040,0,1
840,53,137,1993,6,19,        980255,47,48,78,F,1,0,0,0,0510,1052,0,1
840,53,137,1994,6,24,        980255,43,57,79,F,0,0,0,0,0510,1050,0,1
840,53,137,1995,6,14,       1190432,41,54,77,F,1,1,1,1,0510,1054,0,1
840,53,137,1996,6,26,       1190432,50,57,78,F,2,1,2,1,0520,1303,0,0
840,53,137,1997,6,17,       1190432,42,45,70,F,1,2,1,1,0510,1220,1,0
840,53,137,2000,6,16,       1190432,53,35,68,F,2,2,2,2,0510,1245,0,0
840,53,137,2001,6,6,       1190432,54,42,69,F,1,3,2,1,0510,1229,0,0
840,53,137,2002,6,20,       1190432,52,41,72,F,1,3,0,1,0510,1202,1,0
840,53,137,2003,6,18,       1190432,50,53,87,F,0,0,0,1,0510,1208,0,0
840,53,137,2005,6,27,       1140541,63,45,55,F,2,3,1,1,0507,1010,0,1
840,53,137,2006,6,20,       1140541,60,49,60,F,1,1,1,1,0522,1030,0,1
840,53,137,2007,6,24,       1140541,66,45,58,F,3,2,1,1,0510,1052,0,1
840,53,137,2008,6,23,       1140541,67,47,65,F,2,1,2,1,0512,1054,0,1
840,53,137,2009,6,24,       1140541,63,40,65,F,3,0,0,0,0528,1030,0,1
840,53,137,2010,6,25,       1140541,63,48,68,F,2,2,2,1,0514,0905,0,1
840,53,137,2011,6,27,       1140541,54,58,65,F,2,0,0,0,0520,1022,0,1
840,53,137,2012,6,26,       1140541,56,45,61,F,2,2,0,0,0510,1006,0,1
840,53,137,2013,6,26,       1140541,59,57,65,F,2,1,2,2,0516,1001,0,1
840,53,137,2014,6,23,       1140541,60,48,64,F,1,1,0,1,0510,0915,0,1
840,53,137,2015,6,23,       1140541,60,55,68,F,2,0,1,1,0516,1044,1,1
840,53,137,2016,6,20,       1140541,58,57,71,F,2,1,2,1,0510,1015,0,1
840,53,137,2017,6,29,       1140541,65,45,64,F,0,0,0,1,0510,1020,0,1
840,53,137,2018,6,21,       1140541,53,50,60,F,1,2,2,2,0510,1018,0,1
840,53,137,2019,6,28,       1140541,52,55,64,F,3,2,2,2,0512,0945,0,1
840,53,138,1982,6,19,       1090207,43,47,55,F,0,0,0,0,0506,0855,0,1
840,53,138,1983,6,23,       1090207,48,50,57,F,0,0,0,0,0506,0926,0,1
840,53,138,1984,6,27,       1090207,52,60,63,F,1,1,1,2,0509,0913,0,1
840,53,138,1985,6,19,       1190263,57,49,75,F,0,0,0,0,0506,0939,0,1
840,53,138,1986,6,19,       1190263,45,59,80,F,0,0,2,1,0506,0926,0,1
840,53,138,1987,6,19,       1190263,59,57,72,F,1,1,0,1,0506,0936,0,1
840,53,138,1988,6,19,       1190263,58,58,74,F,0,0,0,0,0506,0927,0,1
840,53,138,1989,6,19,       1190263,58,52,76,F,0,0,0,0,0506,0923,0,1
840,53,138,1990,6,17,       1190263,60,50,76,F,0,0,0,0,0506,0925,0,1
840,53,138,1991,6,19,       1190263,57,58,68,F,0,0,2,2,0506,0935,0,1
840,53,138,1992,6,19,       1190263,64,53,79,F,0,0,0,0,0506,0919,0,1
840,53,138,1993,6,19,       1190263,63,50,72,F,0,0,0,0,0506,0939,0,1
840,53,138,1994,6,19,       1190263,57,50,79,F,0,0,0,0,0506,0927,0,1
840,53,138,1995,6,24,       1190263,57,50,77,F,0,0,0,0,0506,0924,0,1
840,53,138,1996,6,26,       1190263,56,62,76,F,0,0,0,0,0506,0925,0,1
840,53,138,1997,6,28,       1190263,58,54,72,F,0,0,0,0,0506,0929,1,1
840,53,138,1998,6,24,       1190263,65,55,70,F,0,0,0,0,0506,0942,1,1
840,53,138,1999,6,24,       1190263,55,58,80,F,0,0,2,1,0506,0925,1,1
840,53,138,2000,6,25,       1190263,62,64,68,F,0,0,2,2,0506,0945,1,1
840,53,138,2001,6,24,       1190263,62,57,78,F,0,1,0,0,0506,0925,1,1
840,53,138,2002,6,23,       1190263,61,62,72,F,0,0,2,1,0506,0934,1,1
840,53,138,2003,6,15,       1190263,56,52,78,F,0,0,0,0,0506,0927,1,1
840,53,138,2004,6,20,       1190263,56,46,63,F,0,0,0,1,0506,0923,1,1
840,53,138,2005,6,19,       1190263,57,40,66,F,0,0,0,0,0506,0930,1,1
840,53,138,2006,6,23,       1190263,67,45,69,F,0,0,0,0,0506,0927,1,1
840,53,138,2007,6,24,       1190263,55,48,77,F,0,0,2,0,0506,0929,1,1
840,53,138,2008,6,20,       1190263,57,46,64,F,0,0,1,0,0506,0926,1,1
840,53,138,2009,6,23,       1190263,64,35,55,F,0,0,0,0,0506,0939,1,1
840,53,138,2010,6,24,       1190263,62,54,70,F,0,0,1,2,0506,0939,1,1
840,53,138,2011,6,29,       1190263,56,49,78,F,0,0,0,0,0506,0914,1,1
840,53,138,2012,6,25,       1190263,57,52,71,F,0,0,0,0,0506,0915,1,1
840,53,138,2013,7,2,       1020398,53,58,90,F,1,2,0,1,0512,1336,0,0
840,53,138,2014,7,3,       1020398,51,58,78,F,0,2,0,1,0518,1216,0,0
840,53,138,2015,7,3,       1020398,56,58,86,F,0,2,0,0,0505,1146,0,0
840,53,138,2016,7,13,       1020398,51,52,67,F,2,3,2,2,0506,1036,0,1
840,53,138,2018,7,3,       1020398,49,41,63,F,0,4,1,1,0509,1028,0,1
840,53,176,1999,7,2,       1080319,31,37,57,F,0,2,2,2,0510,1015,0,1
840,53,176,2000,6,22,       1080319,38,50,65,F,0,1,1,1,0510,1000,0,1
840,53,176,2001,6,28,       1080319,31,50,62,F,1,0,0,1,0510,1013,0,1
840,53,176,2002,6,20,       1080319,35,36,52,F,0,1,0,0,0510,1015,0,1
840,53,176,2003,6,27,       1080319,35,42,60,F,0,2,0,0,0510,1008,0,1
840,53,176,2004,6,23,       1080319,38,48,62,F,1,1,0,0,0510,1025,0,1
840,53,176,2005,7,1,       1080319,40,45,60,F,0,1,1,0,0510,1005,0,1
840,53,176,2006,6,24,       1080319,37,46,60,F,0,1,0,0,0510,1024,0,1
840,53,176,2007,6,19,       1080319,37,40,63,F,0,1,0,0,0510,1013,0,1
840,53,176,2008,7,1,       1080319,41,55,60,F,0,0,2,1,0523,1025,0,1
840,53,176,2010,7,1,       1080319,37,40,62,F,0,0,0,1,0510,1015,0,1
840,53,176,2011,7,10,       1080319,35,45,70,F,0,2,0,0,0520,1117,0,1
840,53,176,2012,6,28,       1080319,34,38,60,F,0,1,0,0,0514,1037,0,1
840,53,176,2013,6,18,       1080319,36,55,68,F,2,1,0,1,0510,1025,0,1
840,53,176,2014,6,27,       1080319,37,45,55,F,0,1,2,2,0510,1025,0,1
840,53,176,2015,6,26,       1080319,37,55,75,F,0,1,0,0,0515,1028,0,1
840,53,176,2016,7,1,       1080319,33,46,65,F,0,1,0,0,0510,1015,0,1
840,53,176,2017,6,26,       1080319,33,50,70,F,1,1,0,1,0510,1025,0,1
840,53,176,2019,6,17,       1080319,39,46,63,F,0,1,1,1,0510,1028,0,1
840,53,301,2016,7,5,        981413,44,55,60,F,1,3,2,2,0510,1001,0,1
840,53,301,2017,7,6,        981413,44,62,73,F,0,0,0,0,0504,1007,0,1
840,53,301,2018,6,19,        981413,43,59,63,F,1,1,5,2,0505,0951,0,1
840,53,301,2019,6,19,        981413,46,65,61,F,1,4,1,2,0505,1009,0,1
840,53,302,2015,6,19,       1041106,63,42,73,F,1,4,0,1,0507,1045,1,1
840,53,302,2016,6,20,       1041106,64,37,73,F,0,1,1,0,0513,1053,1,1
840,53,302,2017,6,22,       1041106,69,36,63,F,0,3,0,1,0503,1137,1,0
840,53,302,2018,6,20,       1041106,76,40,69,F,0,2,0,1,0516,1123,1,1
840,53,302,2019,6,24,       1041106,72,48,59,F,1,3,2,2,0513,1104,1,1
840,53,303,2015,6,7,       1041101,46,54,77,F,2,1,0,0,0500,0935,0,1
840,53,303,2016,6,10,       1041101,47,47,66,F,2,2,0,1,0500,0946,0,1
840,53,303,2017,6,12,       1041101,50,42,63,F,1,1,0,0,0500,0932,0,1
840,53,303,2018,6,8,       1041101,54,59,64,F,2,3,1,0,0500,0951,0,1
840,53,303,2019,6,16,       1041101,50,51,54,F,2,1,2,1,0500,0942,0,1
840,53,312,2015,6,27,       1060400,38,60,78,F,0,1,0,0,0508,1020,0,1
840,53,312,2016,7,11,       1060400,41,50,60,F,0,3,2,2,0508,1049,0,1
840,53,312,2017,6,14,       1151599,38,49,48,F,1,2,2,1,0510,1046,0,1
840,53,312,2018,6,14,       1151599,47,52,53,F,2,3,5,1,0508,1046,0,1
840,53,312,2019,6,19,       1140759,33,54,67,F,1,2,2,1,0508,1147,0,0
840,53,313,2015,6,19,       1151546,61,55,78,F,1,2,0,2,0507,1032,0,1
840,53,313,2016,6,17,       1151546,51,40,75,F,1,3,1,2,0502,1100,0,1
840,53,313,2017,6,19,       1151546,55,50,72,F,1,3,0,0,0500,1040,0,1
840,53,313,2019,6,11,       1151546,63,50,60,F,1,0,1,2,0503,1007,0,1
840,53,315,2016,6,14,       1151492,49,58,80,F,1,1,1,1,0510,1010,0,1
840,53,315,2017,6,19,       1151492,44,51,65,F,3,2,1,2,0454,1011,0,1
840,53,315,2018,6,25,       1151492,44,51,81,F,1,1,0,0,0458,1010,0,1
840,53,315,2019,6,12,       1151492,53,44,70,F,1,1,0,0,0454,1017,0,1
840,53,322,2015,7,10,       1150711,44,49,57,F,0,0,1,2,0510,0939,1,1
840,53,322,2016,6,26,       1150711,46,34,59,F,0,2,0,0,0510,0953,1,1
840,53,322,2017,6,25,       1150711,46,38,62,F,0,1,0,0,0510,0935,1,1
840,53,322,2018,6,22,       1150711,39,51,57,F,0,0,2,1,0512,0940,1,1
840,53,322,2019,6,23,       1150711,53,38,62,F,1,2,2,1,0510,1033,1,1
840,53,323,2015,6,17,       1190923,41,54,55,F,0,1,0,2,0504,1105,0,1
840,53,323,2016,6,10,       1190923,44,45,61,F,0,0,0,0,0504,1047,1,0
840,53,323,2017,6,26,       1190923,45,56,80,F,0,0,0,1,0504,1122,1,1
840,53,323,2018,7,5,       1190923,36,42,60,F,0,0,0,1,0510,1035,0,1
840,53,323,2019,6,17,       1190923,45,47,73,F,0,2,1,2,0504,1155,1,0
840,53,324,2015,6,21,       1151492,55,47,75,F,1,2,0,2,0511,1017,0,1
840,53,324,2016,7,1,       1151492,55,57,82,F,0,1,0,0,0512,1014,0,1
840,53,325,2015,7,13,       1080654,49,48,70,F,2,0,1,0,0459,1027,0,1
840,53,325,2016,6,13,       1080654,51,38,64,F,2,2,0,2,0459,1105,0,1
840,53,325,2017,6,28,       1080654,50,47,46,F,1,2,2,1,0501,1039,0,1
840,53,325,2018,7,9,       1080654,50,50,76,F,1,0,0,0,0459,1040,0,1
840,53,325,2019,7,3,       1080654,38,50,53,F,1,1,2,2,0459,1014,0,0
840,53,332,2015,6,23,       1030695,33,39,82,F,0,3,0,1,0510,1131,0,1
840,53,332,2016,6,11,       1030695,36,55,63,F,1,1,2,2,0510,1058,0,1
840,53,332,2018,6,30,       1030695,32,39,46,F,0,2,1,1,0510,1239,0,0
840,53,332,2019,6,25,       1030695,28,35,38,F,0,2,0,2,0510,1123,0,1
840,53,333,2017,6,28,       1151509,53,46,70,F,0,2,2,2,0504,1000,0,1
840,53,333,2018,6,15,       1151509,55,51,57,F,0,2,2,2,0504,1040,0,1
840,53,333,2019,6,11,       1151509,57,54,58,F,0,0,2,2,0504,0943,0,1
840,53,334,2018,6,26,       1120663,62,53,68,F,0,4,2,0,0502,1040,0,1
840,53,334,2019,6,25,       1041160,60,41,64,F,1,0,0,1,0521,1025,1,1
840,53,336,2015,6,24,       1120505,43,54,73,F,2,2,0,1,0500,1102,0,1
840,53,341,2017,6,15,       1120663,77,36,62,F,0,3,1,2,0508,1058,0,1
840,53,341,2018,6,21,       1120663,65,35,62,F,0,2,1,1,0508,1008,0,1
840,53,341,2019,6,12,       1120663,73,37,65,F,0,2,0,0,0508,1005,0,1
840,53,424,2018,6,21,       1151492,64,48,70,F,0,0,0,1,0500,1011,0,1
840,53,424,2019,6,19,       1151492,52,46,64,F,2,3,2,2,0500,1013,0,1
840,53,800,1990,6,28,       1030167,45,52,58,F,0,1,5,2,0510,0739,0,0
840,53,800,1991,6,24,       1030167,42,49,50,F,0,0,4,4,0512,0742,0,0
840,53,800,1992,6,9,       1030167,44,48,43,F,0,0,1,1,0501,0719,0,0
840,53,800,1993,6,17,       1030167,46,40,49,F,0,1,0,2,0505,0751,0,0
840,53,800,1994,6,10,       1030167,48,35,41,F,0,0,0,0,0501,0733,0,0
840,53,800,1995,6,27,       1030167,44,48,50,F,3,2,2,2,0501,0736,0,0
840,53,800,1996,6,20,       1030167,50,34,48,F,0,0,0,0,0501,0717,0,0
840,53,800,1997,6,18,       1030167,54,51,55,F,0,0,2,1,0506,0814,1,0
840,53,800,1998,6,19,       1030167,55,48,46,F,0,0,1,1,0501,0740,1,0
840,53,800,2002,6,14,       1030167,50,36,44,F,0,0,0,0,0501,0740,1,0
840,53,800,2004,6,17,       1030167,47,45,55,F,0,0,1,1,0501,0744,0,0
840,53,800,2006,6,7,       1030167,47,49,52,F,0,0,0,1,0501,0732,0,0
840,53,800,2008,6,19,       1030167,44,36,46,F,0,0,0,0,0501,0738,0,0
840,53,800,2010,6,23,        981307,43,40,50,F,0,1,4,4,0503,0930,0,0
840,53,800,2011,6,28,        981307,49,38,42,F,0,1,0,1,0506,0801,0,0
840,53,800,2012,6,22,        981307,39,9,5,C,0,1,1,2,0503,0850,0,0
840,53,800,2013,6,25,        981307,45,55,54,F,0,0,5,5,0518,0939,0,0
840,53,800,2014,6,27,        981307,39,49,53,F,0,1,4,2,0507,0853,0,0
840,53,800,2017,6,21,        981307,39,54,50,F,0,1,1,0,0501,0826,0,0
840,53,800,2018,6,26,        981307,40,46,44,F,0,2,0,1,0500,0823,0,0
840,53,800,2019,6,18,        981307,44,50,53,F,0,0,2,1,0515,0858,0,0
840,53,900,1980,6,14,       1030167,50,39,59,F,0,1,0,0,0500,1145,0,0
840,53,900,1989,6,28,       1030167,38,41,57,F,0,0,0,2,0500,0924,0,0
840,53,900,1991,7,3,       1030167,40,57,59,F,2,0,0,0,0500,0926,0,0
840,53,900,1992,6,24,       1030167,49,51,71,F,0,3,0,0,0501,0934,0,0
840,53,900,1993,7,1,       1030167,45,52,56,F,5,2,1,1,0501,0932,0,0
840,53,900,1994,6,28,       1030167,44,53,60,F,5,2,0,0,0501,0935,0,0
840,53,900,1996,7,1,       1030167,42,54,66,F,3,0,0,0,0501,0933,0,0
840,53,900,1998,6,23,       1030167,43,53,60,F,3,1,1,2,0501,0933,1,0
840,53,900,2000,6,21,       1030167,46,54,55,F,4,1,1,2,0501,0927,1,0
840,53,900,2001,6,22,       1030167,38,60,60,F,5,2,1,0,0501,0927,1,0
840,53,900,2002,7,10,       1030167,41,40,55,F,1,1,0,0,0501,0927,1,0
840,53,900,2003,6,26,       1030167,44,50,57,F,2,2,1,0,0501,0855,1,0
840,53,900,2004,6,22,       1030167,51,42,55,F,1,2,0,1,0501,0953,0,0
840,53,900,2005,6,21,       1030167,41,43,58,F,1,1,0,0,0501,0942,0,0
840,53,900,2016,6,30,        981307,48,60,59,F,0,2,0,0,0500,1008,0,0
840,53,900,2017,6,30,        981307,47,52,57,F,3,1,0,0,0457,1015,0,0
840,53,901,1993,6,17,       1000284,66,46,54,F,1,1,0,1,0514,0953,0,0
840,53,901,1994,6,15,       1000284,75,36,43,F,0,1,0,1,0514,0957,0,0
840,53,901,1995,6,25,       1000284,74,55,64,F,1,0,0,0,0514,0918,0,0
840,53,901,1996,6,12,       1000284,70,42,54,F,0,0,0,0,0514,0932,0,0
840,53,901,1997,6,22,       1000284,63,48,,F,1,0,2,2,0514,0934,0,0
840,53,901,1998,6,21,       1000284,69,43,54,F,0,0,0,0,0514,0921,0,0
840,53,901,1999,6,12,       1000284,65,39,58,F,1,0,0,0,0514,0950,0,0
840,53,901,2000,6,10,       1000284,62,39,50,F,0,1,1,1,0514,0934,0,0
840,53,901,2001,6,20,       1000284,60,40,54,F,0,0,0,0,0514,0948,0,0
840,53,901,2004,5,9,        980769,57,57,51,F,0,1,2,2,0514,1030,1,0
840,53,901,2005,6,9,        980769,55,43,58,F,0,0,1,2,0514,0943,1,0
840,53,901,2006,6,5,        980769,58,49,50,F,0,0,1,1,0514,0940,0,0
840,53,901,2007,6,16,        980769,61,48,60,F,0,0,0,0,0514,0943,1,0
840,53,901,2008,6,13,       1000315,53,43,50,F,0,0,0,1,0514,0945,0,0
840,53,901,2009,6,16,       1000315,48,54,52,F,1,1,2,1,0515,1108,0,0
840,53,901,2010,6,14,       1000315,50,42,68,F,0,0,0,0,0515,1055,0,0
840,53,901,2011,6,17,       1000315,53,46,43,F,2,2,2,5,0515,1005,0,0
840,53,901,2012,6,15,       1000315,57,54,52,F,2,0,1,1,0514,0945,0,0
840,53,901,2013,6,18,       1000315,52,52,65,F,0,1,0,0,0514,0958,0,0
840,53,901,2014,6,15,       1000315,66,38,48,F,0,0,0,2,0514,1020,0,0
840,53,901,2015,6,15,       1000315,57,41,55,F,0,1,0,0,0514,0940,0,0
840,53,901,2016,6,20,       1000315,55,37,58,F,0,2,0,0,0514,0958,0,0
840,53,901,2017,6,18,       1000315,49,54,58,F,0,1,2,1,0514,0920,0,0
840,53,901,2018,6,20,       1000315,57,44,66,F,0,2,0,1,0514,1023,0,0
840,53,901,2019,6,16,       1000315,56,46,64,F,0,1,0,1,0514,1033,0,0
840,53,902,1993,6,26,       1030300,64,50,74,F,1,2,0,0,0512,1055,0,0
840,53,902,1994,6,27,       1030300,62,44,58,F,0,1,0,0,0510,1057,0,0
840,53,902,1995,6,19,       1030300,57,47,56,F,0,0,1,2,0510,0944,0,0
840,53,902,1996,6,14,       1030300,53,49,57,F,1,0,1,2,0510,1003,0,0
840,53,902,1997,6,26,       1030300,61,43,58,F,0,0,0,0,0510,1000,0,0
840,53,902,1998,6,17,       1030300,62,40,54,F,1,2,2,1,0510,0958,0,0
840,53,902,1999,6,16,       1030300,62,46,64,F,0,0,1,1,0510,0940,1,0
840,53,902,2004,6,16,       1030300,62,33,51,F,0,1,0,0,0510,1003,0,0
840,53,902,2005,6,11,       1030300,68,46,56,F,0,1,2,2,0510,1122,0,0
840,53,902,2006,6,24,       1030300,69,46,68,F,1,2,0,0,0511,1031,0,0
840,53,902,2007,6,17,       1030300,61,47,56,F,1,3,2,2,0510,1017,0,0
840,53,902,2008,6,28,       1030300,58,43,64,F,0,1,0,0,0519,1005,0,0
840,53,902,2009,6,18,       1030300,63,7,14,C,0,0,2,1,0511,1110,0,0
840,53,902,2010,6,27,       1030300,67,47,66,F,0,2,0,0,0505,1043,0,0
840,53,902,2011,7,2,       1030300,62,43,73,F,0,0,0,0,0510,1050,0,0
840,53,902,2012,6,17,       1030300,64,52,63,F,0,2,2,2,0511,1043,0,0
840,53,902,2013,6,15,       1030300,66,38,75,F,0,0,0,0,0511,1110,0,0
840,53,902,2014,6,20,       1030300,58,44,63,F,0,1,0,2,0510,1007,0,0
840,53,902,2015,6,14,       1030300,61,40,64,F,0,2,0,0,0510,1039,0,0
840,53,902,2017,6,20,       1030300,60,60,75,F,1,1,2,1,0513,1035,1,0
840,53,902,2018,6,22,       1030300,70,47,62,F,0,1,2,1,0510,1047,0,0
840,53,902,2019,6,23,       1030300,66,49,66,F,0,1,2,2,0508,1047,0,0
840,53,903,1994,7,15,       1120320,16,50,70,F,0,1,0,0,0526,1040,0,0
840,53,903,1995,6,15,       1120320,22,48,67,F,0,2,2,1,0520,1055,0,0
840,53,903,1996,6,27,       1120320,19,54,65,F,0,1,2,0,0510,1135,0,0
840,53,903,1997,6,26,       1120320,17,41,64,F,0,2,0,0,0510,1100,0,0
840,53,903,1998,7,16,       1120320,15,51,76,F,0,1,0,0,0525,1110,0,0
840,53,903,2003,6,27,       1150421,31,45,65,F,0,2,1,1,0510,1030,1,0
840,53,903,2004,6,29,       1150421,40,50,68,F,0,0,0,0,0510,1103,1,0
840,53,903,2005,6,17,       1150421,33,52,60,F,1,1,2,2,0510,0941,0,0
840,53,903,2006,6,7,       1150421,35,43,55,F,0,0,1,1,0540,0945,0,0
840,53,903,2008,6,18,       1150421,39,44,65,F,0,0,0,0,0518,1050,1,0
840,53,903,2009,6,18,       1150421,36,51,55,F,0,2,2,2,0510,1000,0,0
840,53,903,2010,6,22,       1150421,41,48,47,F,0,1,2,1,0510,1023,1,0
840,53,903,2011,6,22,       1150421,40,48,61,F,1,1,1,1,0513,1110,1,0
840,53,903,2012,6,28,       1150421,39,39,65,F,0,0,0,0,0510,1115,1,0
840,53,903,2013,6,20,       1020528,25,43,41,F,1,1,2,2,0526,1040,0,0
840,53,903,2014,6,25,       1020528,31,53,62,F,0,1,1,1,0510,1112,1,0
840,53,903,2015,6,25,       1020528,43,55,70,F,1,2,2,1,0512,1210,0,0
840,53,903,2016,6,27,       1020528,38,46,79,F,0,1,0,0,0528,1236,1,0
840,53,903,2017,6,22,       1020560,47,46,59,F,1,2,0,0,0510,0947,0,0
840,53,903,2018,6,28,       1020560,45,47,61,F,0,0,2,0,0510,1002,0,0
840,53,903,2019,6,25,       1020560,50,38,51,F,1,1,0,1,0510,1011,1,0
840,53,905,1995,6,28,       1090566,29,24,48,F,1,1,0,1,0540,1145,0,0
840,53,905,1999,6,28,       1090566,54,34,68,F,1,1,1,1,0512,1230,1,0
840,53,905,2000,6,22,       1090566,59,7,26,C,0,2,0,2,0526,1337,1,0
840,53,905,2003,7,11,       1150421,55,47,63,F,0,1,0,0,0537,1120,0,0
840,53,905,2004,6,15,       1150421,39,45,41,F,0,1,2,2,0510,1000,1,0
840,53,906,1994,7,26,       1120320,17,56,80,F,1,1,0,0,0545,1100,0,0
840,53,906,1995,6,28,       1120320,21,40,62,F,1,1,0,1,0525,1150,0,0
840,53,906,1996,7,9,       1120320,22,52,74,F,1,1,0,0,0530,1150,0,0
840,53,906,2000,6,27,       1120320,27,47,69,F,1,2,0,0,0520,1055,0,0
840,53,906,2003,7,2,       1150421,33,47,64,F,0,1,0,1,0510,1115,1,0
840,53,906,2004,7,1,       1150421,32,56,65,F,0,0,1,1,0520,1154,1,0
840,53,906,2005,6,14,       1150421,30,38,70,F,0,0,0,0,0514,1145,1,0
840,53,906,2006,6,29,       1150421,30,50,65,F,0,0,1,1,0533,1130,0,0
840,53,906,2008,6,26,       1150421,30,49,56,F,1,2,4,2,0525,1030,1,0
840,53,906,2009,6,30,       1150421,35,34,71,F,0,0,0,0,0530,1110,0,0
840,53,906,2010,6,24,       1150421,45,50,48,F,1,0,2,2,0516,1040,1,0
840,53,906,2012,6,20,       1150421,34,40,55,F,0,1,2,1,0511,1125,1,0
840,53,906,2013,6,24,       1020528,26,47,46,F,0,1,1,1,0528,1108,0,0
840,53,906,2017,6,15,       1020560,40,42,50,F,1,0,1,1,0510,1105,0,0
840,53,906,2018,6,20,       1020560,49,45,55,F,0,1,0,1,0510,1035,1,0
840,53,906,2019,6,27,       1020560,39,44,55,F,0,1,1,2,0510,1110,0,0
840,53,907,2000,6,30,       1140053,42,62,75,F,2,3,0,2,0454,0915,1,0
840,53,907,2001,6,17,       1060249,60,48,62,F,2,0,0,0,0454,1135,1,0
840,53,907,2002,6,17,       1060249,55,78,83,F,2,1,2,0,0454,0930,1,0
840,53,907,2003,6,14,       1060249,56,57,55,F,0,0,1,1,0505,1139,1,0
840,53,907,2004,6,13,       1120505,58,53,52,F,0,1,2,2,0501,1129,0,0
840,53,907,2005,6,25,       1120505,58,55,53,F,1,3,1,1,0450,1130,0,0
840,53,907,2006,6,14,       1040285,63,61,59,F,2,2,1,4,0454,1055,1,0
840,53,907,2007,6,10,       1120505,64,60,60,F,3,2,1,1,0454,0954,0,0
840,53,907,2009,6,17,       1120505,60,50,65,F,1,2,1,1,0454,1103,0,0
840,53,907,2010,6,13,       1120505,53,40,48,F,1,1,1,2,0455,1041,0,0
840,53,907,2011,6,26,       1120505,53,49,60,F,2,2,1,1,0505,1057,0,0
840,53,907,2012,6,17,       1120505,55,55,67,F,0,1,1,1,0456,1037,0,0
840,53,907,2013,6,23,       1120505,49,41,43,F,1,4,0,0,0454,1025,0,0
840,53,907,2014,6,21,       1120505,58,55,52,F,3,2,0,0,0454,1014,0,0
840,53,907,2015,6,22,       1120505,65,52,53,F,2,3,0,0,0457,1036,0,0
840,53,907,2016,6,14,       1120505,62,57,55,F,3,2,0,0,0454,1028,0,0
840,53,907,2017,6,20,       1120505,61,69,64,F,4,3,0,1,0454,1017,0,0
840,53,907,2018,6,25,       1120505,60,49,49,F,0,3,0,0,0455,1009,0,0
840,53,907,2019,6,19,       1120505,56,48,47,F,1,3,1,1,0454,1016,0,0
840,53,955,2005,6,23,       1150421,38,59,54,F,1,1,0,0,0540,1000,1,0
840,53,955,2008,6,27,       1150421,48,47,49,F,1,2,4,4,0530,1010,0,0
840,53,955,2009,6,23,       1150421,42,36,49,F,0,1,0,0,0530,1004,0,0
840,53,955,2010,6,18,       1150421,39,42,41,F,0,0,2,2,0510,0956,1,0
840,53,955,2011,6,28,       1150421,47,40,51,F,0,1,0,1,0514,1002,1,0
840,53,956,2012,6,26,       1150421,41,53,51,F,2,2,1,1,0510,1034,1,0
840,53,956,2013,7,3,       1020528,33,59,84,F,0,2,0,1,0536,1034,0,0
840,53,956,2014,6,20,       1020528,35,38,69,F,1,1,0,1,0526,1140,1,0
840,53,956,2015,6,19,       1020528,49,48,70,F,0,2,1,0,0510,1255,0,0
840,53,956,2016,6,28,       1020528,48,66,75,F,1,1,1,1,0546,1210,1,0
840,53,956,2017,6,21,       1020560,47,59,65,F,1,2,1,0,0510,1017,0,0
840,53,956,2018,6,21,       1020560,52,49,57,F,0,1,0,2,0510,1004,1,0
840,53,956,2019,6,26,       1020560,60,40,68,F,0,1,0,1,0510,1050,0,0
