RootFolder,File,RelativePath,DateTime,DayTime,deployement_number,photo_camera_id,cougar,raven,magpie,coyote,golden_eagle,bald_eagle,wolf,fox,other_species,other_count,comment
24-008_299,IMG_0001.MP4,299 ,2024-10-07 03:53:00,true,8,299,0,0,0,0,0,0,0,0,,0,set up
24-008_299,IMG_0002.MP4,299 ,2024-10-07 03:53:00,true,8,299,0,0,0,0,0,0,0,0,,0,set up
24-008_299,IMG_0003.MP4,299 ,2024-10-07 03:53:00,true,8,299,0,0,0,0,0,0,0,0,,0,set up
24-008_299,IMG_0004.MP4,299 ,2024-10-07 03:53:00,false,8,299,0,0,0,0,0,0,0,0,elk,1,
24-008_299,IMG_0005.MP4,299 ,2024-10-07 03:53:00,false,8,299,0,0,0,0,0,0,0,1,,0,
24-008_299,IMG_0006.MP4,299 ,2024-10-07 03:53:00,false,8,299,0,0,0,0,0,0,0,1,,0,
24-008_299,IMG_0007.MP4,299 ,2024-10-07 03:53:00,false,8,299,0,0,0,0,0,0,0,1,,0,
24-008_299,IMG_0008.MP4,299 ,2024-10-07 03:53:00,false,8,299,0,0,0,0,0,0,0,1,,0,
24-008_299,IMG_0009.MP4,299 ,2024-10-07 03:53:00,false,8,299,0,0,0,0,0,0,0,1,,0,
24-008_299,IMG_0010.MP4,299 ,2024-10-07 03:53:00,false,8,299,0,0,0,0,0,0,0,1,,0,
24-008_299,IMG_0011.MP4,299 ,2024-10-07 03:53:00,false,8,299,0,0,0,0,0,0,0,1,,0,
24-008_299,IMG_0012.MP4,299 ,2024-10-07 03:53:00,false,8,299,0,0,0,0,0,0,0,1,,0,
24-008_299,IMG_0013.MP4,299 ,2024-10-07 03:53:00,false,8,299,0,0,0,0,0,0,0,1,,0,
24-008_299,IMG_0014.MP4,299 ,2024-10-07 03:53:00,false,8,299,0,0,0,0,0,0,0,1,,0,
24-008_299,IMG_0015.MP4,299 ,2024-10-07 03:53:00,false,8,299,0,0,0,0,0,0,0,1,,0,
24-008_299,IMG_0016.MP4,299 ,2024-10-07 03:53:00,false,8,299,0,0,0,0,0,0,0,1,,0,
24-008_299,IMG_0017.MP4,299 ,2024-10-07 03:53:00,false,8,299,0,0,0,0,0,0,0,1,,0,
24-008_299,IMG_0018.MP4,299 ,2024-10-07 03:53:00,false,8,299,0,0,0,0,0,0,0,1,,0,
24-008_299,IMG_0019.MP4,299 ,2024-10-07 03:54:00,false,8,299,0,0,0,0,0,0,0,1,,0,
24-008_299,IMG_0020.MP4,299 ,2024-10-07 03:54:00,false,8,299,0,0,0,0,0,0,0,1,,0,
24-008_299,IMG_0021.MP4,299 ,2024-10-07 03:54:00,false,8,299,0,0,0,0,0,0,0,0,,0,
24-008_299,IMG_0022.MP4,299 ,2024-10-07 03:54:00,false,8,299,0,0,0,0,0,0,0,1,,0,
24-008_299,IMG_0023.MP4,299 ,2024-10-07 03:54:00,false,8,299,0,0,0,0,0,0,0,1,,0,
24-008_299,IMG_0024.MP4,299 ,2024-10-07 03:54:00,false,8,299,0,0,0,0,0,0,0,1,,0,
24-008_299,IMG_0025.MP4,299 ,2024-10-07 03:54:00,false,8,299,0,0,0,0,0,0,0,1,,0,
24-008_299,IMG_0026.MP4,299 ,2024-10-07 03:54:00,false,8,299,0,0,0,0,0,0,0,1,,0,
24-008_299,IMG_0027.MP4,299 ,2024-10-07 03:54:00,false,8,299,0,0,0,0,0,0,0,1,,0,
24-008_299,IMG_0028.MP4,299 ,2024-10-07 03:54:00,false,8,299,0,0,0,0,0,0,0,1,,0,
24-008_299,IMG_0029.MP4,299 ,2024-10-07 03:54:00,false,8,299,0,0,0,0,0,0,0,1,,0,
24-008_299,IMG_0030.MP4,299 ,2024-10-07 03:54:00,false,8,299,0,0,0,0,0,0,0,1,,0,
24-008_299,IMG_0031.MP4,299 ,2024-10-07 03:54:00,false,8,299,0,0,0,0,0,0,0,1,,0,
24-008_299,IMG_0032.MP4,299 ,2024-10-07 03:54:00,false,8,299,0,0,0,0,0,0,0,1,,0,
24-008_299,IMG_0033.MP4,299 ,2024-10-07 03:54:00,false,8,299,0,0,0,0,0,0,0,1,,0,
24-008_299,IMG_0034.MP4,299 ,2024-10-07 03:54:00,false,8,299,0,0,0,0,0,0,0,1,,0,
24-008_299,IMG_0035.MP4,299 ,2024-10-07 03:54:00,false,8,299,0,0,0,0,0,0,0,1,,0,
24-008_299,IMG_0036.MP4,299 ,2024-10-07 03:54:00,false,8,299,0,0,0,0,0,0,0,1,,0,
24-008_299,IMG_0037.MP4,299 ,2024-10-07 03:54:00,false,8,299,0,0,0,0,0,0,0,1,,0,
24-008_299,IMG_0038.MP4,299 ,2024-10-07 03:54:00,false,8,299,0,0,0,0,0,0,0,1,,0,
24-008_299,IMG_0039.MP4,299 ,2024-10-07 03:54:00,false,8,299,0,0,0,0,0,0,0,1,,0,
24-008_299,IMG_0040.MP4,299 ,2024-10-07 03:54:00,false,8,299,0,0,0,0,0,0,0,1,,0,
24-008_299,IMG_0041.MP4,299 ,2024-10-07 03:54:00,false,8,299,0,0,0,0,0,0,0,1,,0,
24-008_299,IMG_0042.MP4,299 ,2024-10-07 03:54:00,false,8,299,0,0,0,0,0,0,0,1,,0,
24-008_299,IMG_0043.MP4,299 ,2024-10-07 03:54:00,false,8,299,0,0,0,0,0,0,0,1,,0,
24-008_299,IMG_0044.MP4,299 ,2024-10-07 03:54:00,true,8,299,0,0,1,0,0,0,0,0,,0,
24-008_299,IMG_0045.MP4,299 ,2024-10-07 03:54:00,true,8,299,0,0,1,0,0,0,0,0,,0,
24-008_299,IMG_0046.MP4,299 ,2024-10-07 03:54:00,true,8,299,0,0,1,0,0,0,0,0,,0,
24-008_299,IMG_0047.MP4,299 ,2024-10-07 03:54:00,true,8,299,0,0,1,0,0,0,0,0,,0,
24-008_299,IMG_0048.MP4,299 ,2024-10-07 03:54:00,true,8,299,0,0,2,0,0,0,0,0,,0,
24-008_299,IMG_0049.MP4,299 ,2024-10-07 03:54:00,true,8,299,0,0,1,0,0,0,0,0,,0,
24-008_299,IMG_0050.MP4,299 ,2024-10-07 03:54:00,true,8,299,0,0,2,0,0,0,0,0,,0,
24-008_299,IMG_0051.MP4,299 ,2024-10-07 03:54:00,true,8,299,0,0,2,0,0,0,0,0,,0,
24-008_299,IMG_0052.MP4,299 ,2024-10-07 03:54:00,true,8,299,0,0,1,0,0,0,0,0,,0,raven call
24-008_299,IMG_0053.MP4,299 ,2024-10-07 03:54:00,true,8,299,0,0,3,0,0,0,0,0,,0,
24-008_299,IMG_0054.MP4,299 ,2024-10-07 03:54:00,true,8,299,0,0,2,0,0,0,0,0,,0,
24-008_299,IMG_0055.MP4,299 ,2024-10-07 03:54:00,true,8,299,0,0,2,0,0,0,0,0,,0,
24-008_299,IMG_0056.MP4,299 ,2024-10-07 03:54:00,true,8,299,0,0,2,0,0,0,0,0,,0,
24-008_299,IMG_0057.MP4,299 ,2024-10-07 03:54:00,true,8,299,0,0,3,0,0,0,0,0,,0,raven call
24-008_299,IMG_0058.MP4,299 ,2024-10-07 03:54:00,true,8,299,0,0,2,0,0,0,0,0,,0,
24-008_299,IMG_0059.MP4,299 ,2024-10-07 03:54:00,true,8,299,0,0,3,0,0,0,0,0,,0,
24-008_299,IMG_0060.MP4,299 ,2024-10-07 03:54:00,true,8,299,0,0,1,0,0,0,0,0,,0,
24-008_299,IMG_0061.MP4,299 ,2024-10-07 03:54:00,true,8,299,0,0,3,0,0,0,0,0,,0,
24-008_299,IMG_0062.MP4,299 ,2024-10-07 03:54:00,true,8,299,0,0,3,0,0,0,0,0,,0,
24-008_299,IMG_0063.MP4,299 ,2024-10-07 03:54:00,true,8,299,0,0,4,0,0,0,0,0,,0,
24-008_299,IMG_0064.MP4,299 ,2024-10-07 03:54:00,true,8,299,0,0,3,0,0,0,0,0,,0,
24-008_299,IMG_0065.MP4,299 ,2024-10-07 03:54:00,true,8,299,0,0,3,0,0,0,0,0,,0,
24-008_299,IMG_0066.MP4,299 ,2024-10-07 03:54:00,true,8,299,0,0,3,0,0,0,0,0,,0,
24-008_299,IMG_0067.MP4,299 ,2024-10-07 03:54:00,true,8,299,0,0,4,0,0,0,0,0,,0,
24-008_299,IMG_0068.MP4,299 ,2024-10-07 03:54:00,true,8,299,0,0,4,0,0,0,0,0,,0,
24-008_299,IMG_0069.MP4,299 ,2024-10-07 03:54:00,true,8,299,0,0,2,0,0,0,0,0,,0,
24-008_299,IMG_0070.MP4,299 ,2024-10-07 03:54:00,true,8,299,0,0,2,0,0,0,0,0,,0,
24-008_299,IMG_0071.MP4,299 ,2024-10-07 03:54:00,true,8,299,0,0,3,0,0,0,0,0,,0,
24-008_299,IMG_0072.MP4,299 ,2024-10-07 03:54:00,true,8,299,0,0,4,0,0,0,0,0,,0,raven call
24-008_299,IMG_0073.MP4,299 ,2024-10-07 03:54:00,true,8,299,0,0,3,0,0,0,0,0,,0,
24-008_299,IMG_0074.MP4,299 ,2024-10-07 03:54:00,true,8,299,0,0,4,0,0,0,0,0,,0,
24-008_299,IMG_0075.MP4,299 ,2024-10-07 03:54:00,true,8,299,0,0,2,0,0,0,0,0,,0,
24-008_299,IMG_0076.MP4,299 ,2024-10-07 03:54:00,true,8,299,0,0,5,0,0,0,0,0,,0,
24-008_299,IMG_0077.MP4,299 ,2024-10-07 03:54:00,true,8,299,0,0,3,0,0,0,0,0,,0,
24-008_299,IMG_0078.MP4,299 ,2024-10-07 03:54:00,true,8,299,0,0,2,0,0,0,0,0,,0,
24-008_299,IMG_0079.MP4,299 ,2024-10-07 03:54:00,true,8,299,0,0,4,0,0,0,0,0,,0,
24-008_299,IMG_0080.MP4,299 ,2024-10-07 03:54:00,true,8,299,0,0,2,0,0,0,0,0,,0,
24-008_299,IMG_0081.MP4,299 ,2024-10-07 03:54:00,true,8,299,0,0,0,0,0,0,0,0,,0,
24-008_299,IMG_0082.MP4,299 ,2024-10-07 03:54:00,true,8,299,0,0,2,0,0,0,0,0,,0,
24-008_299,IMG_0083.MP4,299 ,2024-10-07 03:54:00,true,8,299,0,0,2,0,0,0,0,0,,0,
24-008_299,IMG_0084.MP4,299 ,2024-10-07 03:54:00,true,8,299,0,0,2,0,0,0,0,0,,0,
24-008_299,IMG_0085.MP4,299 ,2024-10-07 03:54:00,true,8,299,0,0,2,0,0,0,0,0,,0,
24-008_299,IMG_0086.MP4,299 ,2024-10-07 03:54:00,true,8,299,0,0,4,0,0,0,0,0,,0,
24-008_299,IMG_0087.MP4,299 ,2024-10-07 03:54:00,true,8,299,0,0,1,0,0,0,0,0,,0,
24-008_299,IMG_0088.MP4,299 ,2024-10-07 03:54:00,true,8,299,0,0,0,0,0,0,0,0,,0,
24-008_299,IMG_0089.MP4,299 ,2024-10-07 03:54:00,true,8,299,0,0,1,0,0,0,0,0,,0,raven call
24-008_299,IMG_0090.MP4,299 ,2024-10-07 03:54:00,true,8,299,0,0,0,0,0,0,0,0,,0,
24-008_299,IMG_0091.MP4,299 ,2024-10-07 03:54:00,true,8,299,0,0,1,0,0,0,0,0,,0,
24-008_299,IMG_0092.MP4,299 ,2024-10-07 03:54:00,true,8,299,0,0,0,0,0,0,0,0,,0,
24-008_299,IMG_0093.MP4,299 ,2024-10-07 03:54:00,true,8,299,0,0,1,0,0,0,0,0,,0,raven call
24-008_299,IMG_0094.MP4,299 ,2024-10-07 03:54:00,true,8,299,0,0,1,0,0,0,0,0,,0,raven call
24-008_299,IMG_0095.MP4,299 ,2024-10-07 03:54:00,true,8,299,0,0,1,0,0,0,0,0,,0,
24-008_299,IMG_0096.MP4,299 ,2024-10-07 03:54:00,true,8,299,0,0,0,0,0,0,0,0,,0,
24-008_299,IMG_0097.MP4,299 ,2024-10-07 03:54:00,true,8,299,0,0,1,0,0,0,0,0,,0,
24-008_299,IMG_0098.MP4,299 ,2024-10-07 03:54:00,true,8,299,0,0,1,0,0,0,0,0,,0,
24-008_299,IMG_0099.MP4,299 ,2024-10-07 03:54:00,true,8,299,0,0,2,0,0,0,0,0,,0,
24-008_299,IMG_0100.MP4,299 ,2024-10-07 03:54:00,true,8,299,0,0,2,0,0,0,0,0,,0,
24-008_299,IMG_0101.MP4,299 ,2024-10-07 03:54:00,true,8,299,0,0,3,0,0,0,0,0,,0,
24-008_299,IMG_0102.MP4,299 ,2024-10-07 03:54:00,true,8,299,0,0,3,0,0,0,0,0,,0,
24-008_299,IMG_0103.MP4,299 ,2024-10-07 03:54:00,true,8,299,0,0,2,0,0,0,0,0,,0,
24-008_299,IMG_0104.MP4,299 ,2024-10-07 03:54:00,true,8,299,0,0,2,0,0,0,0,0,,0,
24-008_299,IMG_0105.MP4,299 ,2024-10-07 03:54:00,true,8,299,0,0,2,0,0,0,0,0,,0,
24-008_299,IMG_0106.MP4,299 ,2024-10-07 03:54:00,true,8,299,0,0,0,0,0,0,0,0,,0,
24-008_299,IMG_0107.MP4,299 ,2024-10-07 03:54:00,true,8,299,0,0,2,0,0,0,0,0,,0,
24-008_299,IMG_0108.MP4,299 ,2024-10-07 03:54:00,true,8,299,0,0,2,0,0,0,0,0,,0,
24-008_299,IMG_0109.MP4,299 ,2024-10-07 03:54:00,true,8,299,0,0,2,0,0,0,0,0,,0,
24-008_299,IMG_0110.MP4,299 ,2024-10-07 03:54:00,true,8,299,0,0,2,0,0,0,0,0,,0,
24-008_299,IMG_0111.MP4,299 ,2024-10-07 03:54:00,true,8,299,0,0,1,0,0,0,0,0,,0,
24-008_299,IMG_0112.MP4,299 ,2024-10-07 03:54:00,true,8,299,0,0,1,0,0,0,0,0,,0,
24-008_299,IMG_0113.MP4,299 ,2024-10-07 03:54:00,true,8,299,0,0,1,0,0,0,0,0,,0,
24-008_299,IMG_0114.MP4,299 ,2024-10-07 03:54:00,true,8,299,0,0,2,0,0,0,0,0,,0,
24-008_299,IMG_0115.MP4,299 ,2024-10-07 03:54:00,true,8,299,0,0,2,0,0,0,0,0,,0,
24-008_299,IMG_0116.MP4,299 ,2024-10-07 03:54:00,true,8,299,0,0,2,0,0,0,0,0,,0,
24-008_299,IMG_0117.MP4,299 ,2024-10-07 03:54:00,true,8,299,0,0,1,0,0,0,0,0,,0,
24-008_299,IMG_0118.MP4,299 ,2024-10-07 03:54:00,true,8,299,0,0,1,0,0,0,0,0,,0,
24-008_299,IMG_0119.MP4,299 ,2024-10-07 03:54:00,false,8,299,0,0,0,0,0,0,0,1,,0,
24-008_299,IMG_0120.MP4,299 ,2024-10-07 03:54:00,false,8,299,0,0,0,0,0,0,0,1,,0,
24-008_299,IMG_0121.MP4,299 ,2024-10-07 03:54:00,false,8,299,0,0,0,0,0,0,0,1,,0,
24-008_299,IMG_0122.MP4,299 ,2024-10-07 03:54:00,false,8,299,0,0,0,0,0,0,0,1,,0,
24-008_299,IMG_0123.MP4,299 ,2024-10-07 03:54:00,false,8,299,0,0,0,0,0,0,0,1,,0,
24-008_299,IMG_0124.MP4,299 ,2024-10-07 03:54:00,false,8,299,0,0,0,0,0,0,0,1,,0,
24-008_299,IMG_0125.MP4,299 ,2024-10-07 03:54:00,false,8,299,0,0,0,0,0,0,0,1,,0,
24-008_299,IMG_0126.MP4,299 ,2024-10-07 03:54:00,false,8,299,0,0,0,0,0,0,0,1,,0,
24-008_299,IMG_0127.MP4,299 ,2024-10-07 03:54:00,false,8,299,0,0,0,0,0,0,0,1,,0,
24-008_299,IMG_0128.MP4,299 ,2024-10-07 03:54:00,false,8,299,0,0,0,0,0,0,0,1,,0,
24-008_299,IMG_0129.MP4,299 ,2024-10-07 03:54:00,false,8,299,0,0,0,0,0,0,0,1,,0,
24-008_299,IMG_0130.MP4,299 ,2024-10-07 03:54:00,false,8,299,0,0,0,0,0,0,0,1,,0,
24-008_299,IMG_0131.MP4,299 ,2024-10-07 03:54:00,false,8,299,0,0,0,0,0,0,0,1,,0,
24-008_299,IMG_0132.MP4,299 ,2024-10-07 03:54:00,false,8,299,0,0,0,0,0,0,0,1,,0,
24-008_299,IMG_0133.MP4,299 ,2024-10-07 03:54:00,false,8,299,0,0,0,0,0,0,0,1,,0,
24-008_299,IMG_0134.MP4,299 ,2024-10-07 03:55:00,false,8,299,0,0,0,0,0,0,0,1,,0,
24-008_299,IMG_0135.MP4,299 ,2024-10-07 03:55:00,false,8,299,0,0,0,0,0,0,0,1,,0,
24-008_299,IMG_0136.MP4,299 ,2024-10-07 03:55:00,false,8,299,0,0,0,0,0,0,0,1,,0,
24-008_299,IMG_0137.MP4,299 ,2024-10-07 03:55:00,false,8,299,0,0,0,0,0,0,0,1,,0,
24-008_299,IMG_0138.MP4,299 ,2024-10-07 03:55:00,false,8,299,0,0,0,0,0,0,0,1,,0,
24-008_299,IMG_0139.MP4,299 ,2024-10-07 03:55:00,false,8,299,0,0,0,0,0,0,0,1,,0,
24-008_299,IMG_0140.MP4,299 ,2024-10-07 03:55:00,false,8,299,0,0,0,0,0,0,0,1,,0,
24-008_299,IMG_0141.MP4,299 ,2024-10-07 03:55:00,false,8,299,0,0,0,0,0,0,0,1,,0,
24-008_299,IMG_0142.MP4,299 ,2024-10-07 03:55:00,false,8,299,0,0,0,0,0,0,0,1,,0,
24-008_299,IMG_0143.MP4,299 ,2024-10-07 03:55:00,false,8,299,0,0,0,0,0,0,0,1,,0,
24-008_299,IMG_0144.MP4,299 ,2024-10-07 03:55:00,false,8,299,0,0,0,0,0,0,0,1,,0,
24-008_299,IMG_0145.MP4,299 ,2024-10-07 03:55:00,false,8,299,0,0,0,0,0,0,0,1,,0,
24-008_299,IMG_0146.MP4,299 ,2024-10-07 03:55:00,false,8,299,0,0,0,0,0,0,0,1,,0,
24-008_299,IMG_0147.MP4,299 ,2024-10-07 03:55:00,false,8,299,0,0,0,0,0,0,0,1,,0,
24-008_299,IMG_0148.MP4,299 ,2024-10-07 03:55:00,false,8,299,0,0,0,0,0,0,0,1,,0,
24-008_299,IMG_0149.MP4,299 ,2024-10-07 03:55:00,false,8,299,0,0,0,0,0,0,0,1,,0,
24-008_299,IMG_0150.MP4,299 ,2024-10-07 03:55:00,false,8,299,0,0,0,0,0,0,0,1,,0,
24-008_299,IMG_0151.MP4,299 ,2024-10-07 03:55:00,false,8,299,0,0,0,0,0,0,0,1,,0,
24-008_299,IMG_0152.MP4,299 ,2024-10-07 03:55:00,false,8,299,0,0,0,0,0,0,0,1,,0,
24-008_299,IMG_0153.MP4,299 ,2024-10-07 03:55:00,false,8,299,0,0,0,0,0,0,0,1,,0,
24-008_299,IMG_0154.MP4,299 ,2024-10-07 03:55:00,false,8,299,0,0,0,0,0,0,0,1,,0,
24-008_299,IMG_0155.MP4,299 ,2024-10-07 03:55:00,false,8,299,0,0,0,0,0,0,0,1,,0,
24-008_299,IMG_0156.MP4,299 ,2024-10-07 03:55:00,false,8,299,0,0,0,0,0,0,0,1,,0,
24-008_299,IMG_0157.MP4,299 ,2024-10-07 03:55:00,false,8,299,0,0,0,0,0,0,0,1,,0,
24-008_299,IMG_0158.MP4,299 ,2024-10-07 03:55:00,false,8,299,0,0,0,0,0,0,0,1,,0,
24-008_299,IMG_0159.MP4,299 ,2024-10-07 03:55:00,true,8,299,0,0,2,0,0,0,0,0,,0,
24-008_299,IMG_0160.MP4,299 ,2024-10-07 03:55:00,true,8,299,0,0,2,0,0,0,0,0,,0,
24-008_299,IMG_0161.MP4,299 ,2024-10-07 03:55:00,true,8,299,0,0,1,0,0,0,0,0,,0,
24-008_299,IMG_0162.MP4,299 ,2024-10-07 03:55:00,true,8,299,0,0,1,0,0,0,0,0,,0,
24-008_299,IMG_0163.MP4,299 ,2024-10-07 03:55:00,true,8,299,0,0,2,0,0,0,0,0,,0,
24-008_299,IMG_0164.MP4,299 ,2024-10-07 03:55:00,true,8,299,0,0,1,0,0,0,0,0,,0,
24-008_299,IMG_0165.MP4,299 ,2024-10-07 03:55:00,true,8,299,0,0,1,0,0,0,0,0,,0,
24-008_299,IMG_0166.MP4,299 ,2024-10-07 03:55:00,true,8,299,0,0,2,0,0,0,0,0,,0,
24-008_299,IMG_0167.MP4,299 ,2024-10-07 03:55:00,true,8,299,0,0,1,0,0,0,0,0,,0,
24-008_299,IMG_0168.MP4,299 ,2024-10-07 03:55:00,true,8,299,0,0,1,0,0,0,0,0,,0,
24-008_299,IMG_0169.MP4,299 ,2024-10-07 03:55:00,true,8,299,0,0,1,0,0,0,0,0,,0,
24-008_299,IMG_0170.MP4,299 ,2024-10-07 03:55:00,true,8,299,0,0,1,0,0,0,0,0,,0,
24-008_299,IMG_0171.MP4,299 ,2024-10-07 03:55:00,true,8,299,0,0,3,0,0,0,0,0,,0,
24-008_299,IMG_0172.MP4,299 ,2024-10-07 03:55:00,true,8,299,0,0,3,0,0,0,0,0,,0,
24-008_299,IMG_0173.MP4,299 ,2024-10-07 03:55:00,true,8,299,0,0,2,0,0,0,0,0,,0,
24-008_299,IMG_0174.MP4,299 ,2024-10-07 03:55:00,true,8,299,0,0,2,0,0,0,0,0,,0,
24-008_299,IMG_0175.MP4,299 ,2024-10-07 03:55:00,true,8,299,0,0,2,0,0,0,0,0,,0,
24-008_299,IMG_0176.MP4,299 ,2024-10-07 03:55:00,true,8,299,0,0,2,0,0,0,0,0,,0,
24-008_299,IMG_0177.MP4,299 ,2024-10-07 03:55:00,true,8,299,0,0,2,0,0,0,0,0,,0,
24-008_299,IMG_0178.MP4,299 ,2024-10-07 03:55:00,true,8,299,0,0,1,0,0,0,0,0,,0,
24-008_299,IMG_0179.MP4,299 ,2024-10-07 03:55:00,true,8,299,0,0,3,0,0,0,0,0,,0,
24-008_299,IMG_0180.MP4,299 ,2024-10-07 03:55:00,true,8,299,0,0,2,0,0,0,0,0,,0,
24-008_299,IMG_0181.MP4,299 ,2024-10-07 03:55:00,true,8,299,0,0,2,0,0,0,0,0,,0,
24-008_299,IMG_0182.MP4,299 ,2024-10-07 03:55:00,true,8,299,0,0,1,0,0,0,0,0,,0,
24-008_299,IMG_0183.MP4,299 ,2024-10-07 03:55:00,true,8,299,0,0,1,0,0,0,0,0,,0,
24-008_299,IMG_0184.MP4,299 ,2024-10-07 03:55:00,true,8,299,0,1,0,0,0,0,0,0,,0,
24-008_299,IMG_0185.MP4,299 ,2024-10-07 03:55:00,true,8,299,0,0,1,0,0,0,0,0,,0,
24-008_299,IMG_0186.MP4,299 ,2024-10-07 03:55:00,true,8,299,0,0,2,0,0,0,0,0,,0,
24-008_299,IMG_0187.MP4,299 ,2024-10-07 03:55:00,true,8,299,0,0,1,0,0,0,0,0,,0,
24-008_299,IMG_0188.MP4,299 ,2024-10-07 03:55:00,true,8,299,0,0,0,0,0,0,0,0,CAJA,1,1 CLNU
24-008_299,IMG_0189.MP4,299 ,2024-10-07 03:55:00,true,8,299,0,0,0,0,0,0,0,0,CLNU,1,
24-008_299,IMG_0190.MP4,299 ,2024-10-07 03:55:00,true,8,299,0,0,0,0,0,0,0,0,CLNU,1,
24-008_299,IMG_0191.MP4,299 ,2024-10-07 03:55:00,true,8,299,0,1,0,0,0,0,0,0,,0,
24-008_299,IMG_0192.MP4,299 ,2024-10-07 03:55:00,false,8,299,0,0,0,0,0,0,0,1,,0,
24-008_299,IMG_0193.MP4,299 ,2024-10-07 03:55:00,false,8,299,0,0,0,0,0,0,0,1,,0,
24-008_299,IMG_0194.MP4,299 ,2024-10-07 03:55:00,false,8,299,0,0,0,0,0,0,0,1,,0,
24-008_299,IMG_0195.MP4,299 ,2024-10-07 03:55:00,false,8,299,0,0,0,0,0,0,0,1,,0,
24-008_299,IMG_0196.MP4,299 ,2024-10-07 03:55:00,false,8,299,0,0,0,0,0,0,0,1,,0,
24-008_299,IMG_0197.MP4,299 ,2024-10-07 03:55:00,false,8,299,0,0,0,0,0,0,0,1,,0,
24-008_299,IMG_0198.MP4,299 ,2024-10-07 03:55:00,false,8,299,0,0,0,0,0,0,0,1,,0,
24-008_299,IMG_0199.MP4,299 ,2024-10-07 03:55:00,false,8,299,0,0,0,0,0,0,0,1,,0,
24-008_299,IMG_0200.MP4,299 ,2024-10-07 03:55:00,false,8,299,0,0,0,0,0,0,0,1,,0,
24-008_299,IMG_0201.MP4,299 ,2024-10-07 03:55:00,true,8,299,0,1,0,0,0,0,0,0,,0,
24-008_299,IMG_0202.MP4,299 ,2024-10-07 03:55:00,true,8,299,0,1,0,0,0,0,0,0,,0,
24-008_299,IMG_0203.MP4,299 ,2024-10-07 03:55:00,true,8,299,0,1,0,0,0,0,0,0,,0,
24-008_299,IMG_0204.MP4,299 ,2024-10-07 03:55:00,true,8,299,0,1,0,0,0,0,0,0,,0,
24-008_299,IMG_0205.MP4,299 ,2024-10-07 03:55:00,true,8,299,0,1,0,0,0,0,0,0,,0,
24-008_299,IMG_0206.MP4,299 ,2024-10-07 03:55:00,true,8,299,0,1,0,0,0,0,0,0,,0,
24-008_299,IMG_0207.MP4,299 ,2024-10-07 03:55:00,false,8,299,0,0,0,0,0,0,0,1,,0,
24-008_299,IMG_0208.MP4,299 ,2024-10-07 03:55:00,false,8,299,0,0,0,0,0,0,0,1,,0,
24-008_299,IMG_0209.MP4,299 ,2024-10-07 03:55:00,false,8,299,0,0,0,0,0,0,0,1,,0,
24-008_299,IMG_0210.MP4,299 ,2024-10-07 03:55:00,false,8,299,0,0,0,0,0,0,0,1,,0,
24-008_299,IMG_0211.MP4,299 ,2024-10-07 03:55:00,false,8,299,0,0,0,0,0,0,0,1,,0,
24-008_299,IMG_0212.MP4,299 ,2024-10-07 03:55:00,false,8,299,0,0,0,0,0,0,0,0,,0,
24-008_299,IMG_0213.MP4,299 ,2024-10-07 03:55:00,true,8,299,0,0,1,0,0,0,0,0,,0,
24-008_299,IMG_0214.MP4,299 ,2024-10-07 03:55:00,true,8,299,0,0,1,0,0,0,0,0,,0,
24-008_299,IMG_0215.MP4,299 ,2024-10-07 03:55:00,true,8,299,0,0,1,0,0,0,0,0,,0,
24-008_299,IMG_0216.MP4,299 ,2024-10-07 03:55:00,true,8,299,0,0,1,0,0,0,0,0,,0,
24-008_299,IMG_0217.MP4,299 ,2024-10-07 03:55:00,true,8,299,0,0,2,0,0,0,0,0,,0,
24-008_299,IMG_0218.MP4,299 ,2024-10-07 03:55:00,true,8,299,0,0,2,0,0,0,0,0,,0,
24-008_299,IMG_0219.MP4,299 ,2024-10-07 03:55:00,true,8,299,0,0,1,0,0,0,0,0,,0,
24-008_299,IMG_0220.MP4,299 ,2024-10-07 03:55:00,true,8,299,0,0,0,0,0,0,0,1,,0,
24-008_299,IMG_0221.MP4,299 ,2024-10-07 03:55:00,true,8,299,0,0,0,0,0,0,0,1,,0,
24-008_299,IMG_0222.MP4,299 ,2024-10-07 03:55:00,true,8,299,0,0,0,0,0,0,0,1,,0,
24-008_299,IMG_0223.MP4,299 ,2024-10-07 03:55:00,true,8,299,0,0,0,0,0,0,0,1,,0,
24-008_299,IMG_0224.MP4,299 ,2024-10-07 03:55:00,true,8,299,0,0,0,0,0,0,0,1,,0,
24-008_299,IMG_0225.MP4,299 ,2024-10-07 03:55:00,true,8,299,0,0,0,0,0,0,0,1,,0,
24-008_299,IMG_0226.MP4,299 ,2024-10-07 03:55:00,true,8,299,0,0,0,0,0,0,0,1,,0,
24-008_299,IMG_0227.MP4,299 ,2024-10-07 03:55:00,true,8,299,0,0,0,0,0,0,0,1,,0,
24-008_299,IMG_0228.MP4,299 ,2024-10-07 03:55:00,true,8,299,0,1,0,0,0,0,0,0,,0,
24-008_299,IMG_0229.MP4,299 ,2024-10-07 03:55:00,true,8,299,0,1,0,0,0,0,0,0,,0,
24-008_299,IMG_0230.MP4,299 ,2024-10-07 03:55:00,true,8,299,0,1,0,0,0,0,0,0,,0,
24-008_299,IMG_0231.MP4,299 ,2024-10-07 03:55:00,true,8,299,0,1,0,0,0,0,0,0,,0,
24-008_299,IMG_0232.MP4,299 ,2024-10-07 03:55:00,true,8,299,0,1,0,0,0,0,0,0,,0,
24-008_299,IMG_0233.MP4,299 ,2024-10-07 03:55:00,true,8,299,0,0,0,0,0,0,0,1,,0,
24-008_299,IMG_0234.MP4,299 ,2024-10-07 03:55:00,true,8,299,0,0,0,0,0,0,0,1,,0,
24-008_299,IMG_0235.MP4,299 ,2024-10-07 03:55:00,true,8,299,0,0,1,0,0,0,0,0,,0,
24-008_299,IMG_0236.MP4,299 ,2024-10-07 03:56:00,true,8,299,0,0,0,0,0,0,0,0,,0,
24-008_299,IMG_0237.MP4,299 ,2024-10-07 03:56:00,true,8,299,0,0,1,0,0,0,0,0,,0,
24-008_299,IMG_0238.MP4,299 ,2024-10-07 03:56:00,true,8,299,0,0,2,0,0,0,0,0,,0,
24-008_299,IMG_0239.MP4,299 ,2024-10-07 03:56:00,true,8,299,0,0,0,0,0,0,0,0,,0,
24-008_299,IMG_0240.MP4,299 ,2024-10-07 03:56:00,false,8,299,0,0,0,0,0,0,0,1,,0,new snow covers carcass
24-008_299,IMG_0241.MP4,299 ,2024-10-07 03:56:00,false,8,299,0,0,0,0,0,0,0,1,,0,
24-008_299,IMG_0242.MP4,299 ,2024-10-07 03:56:00,false,8,299,0,0,0,0,0,0,0,1,,0,
24-008_299,IMG_0243.MP4,299 ,2024-10-07 03:56:00,false,8,299,0,0,0,0,0,0,0,1,,0,
24-008_299,IMG_0244.MP4,299 ,2024-10-07 03:56:00,false,8,299,0,0,0,0,0,0,0,1,,0,
24-008_299,IMG_0245.MP4,299 ,2024-10-07 03:56:00,true,8,299,0,0,0,0,0,0,0,0,mule deer,2,
24-008_299,IMG_0246.MP4,299 ,2024-10-07 03:56:00,true,8,299,0,0,0,0,0,0,0,0,,0,retrieval
24-008_299,IMG_0247.MP4,299 ,2024-10-07 03:56:00,true,8,299,0,0,0,0,0,0,0,0,,0,retrieval
24-008_299,IMG_0248.MP4,299 ,2024-10-07 03:56:00,true,8,299,0,0,0,0,0,0,0,0,,0,retrieval
